name,area,century,nationality
Antonio de Abreu,Indonesia,16th,Portuguese
William Adams,Japan,17th,English
Diogo Afonso,Northwest African coast,15th,Portuguese
Sir Crispin Agnew of Lochnaw Bt,"Greenland, Elephant Island, Northern Patagonian Icefield, Himalayas",20th,Scottish
Charles Albanel,Canada,17th,French
Afonso de Albuquerque,Asia,16th,Portuguese
Buzz Aldrin,The Moon,20th,American
Pêro de Alenquer,Indian Ocean,15th,Portuguese
Pêro de Alenquer,Indian Ocean,16th,Portuguese
Alexander the Great,"Indus River, Hindu Kush",4th BC,Greek
Alexander the Great,"Indus River, Hindu Kush",4th BC,Macedonian
Jean Alfonse (João Afonso),"Indian Ocean, Southeast Asia, possibly Australia; Brazil, North America",15th,Portuguese
Jean Alfonse (João Afonso),"Indian Ocean, Southeast Asia, possibly Australia; Brazil, North America",15th,French
Jean Alfonse (João Afonso),"Indian Ocean, Southeast Asia, possibly Australia; Brazil, North America",16th,Portuguese
Jean Alfonse (João Afonso),"Indian Ocean, Southeast Asia, possibly Australia; Brazil, North America",16th,French
Benedict Allen,various,20th,English
Benedict Allen,various,21st,English
Diego de Almagro,"Peru, Chile",16th,Spanish
László Almásy,Africa,19th,Hungarian
László Almásy,Africa,20th,Hungarian
Francisco de Almeida,India,16th,Portuguese
Lourenço de Almeida,"Sri Lanka, India",16th,Portuguese
Pedro de Alvarado,"Mexico, Guatemala, Honduras",16th,Spanish
Francisco Álvares,Ethiopia,16th,Portuguese
Gonçalo Álvares,"Gough Island, Namibia",15th,Portuguese
Jorge Álvares,China,16th,Portuguese
Roald Amundsen,"South Pole, Antarctica, Northwest Passage",20th,Norwegian
José Alberto de Oliveira Anchieta,Gough Island,19th,Portuguese
Charles John Andersson,Southern Africa,19th,Swedish
António de Andrade,"India, Tibet",16th,Portuguese
António de Andrade,"India, Tibet",17th,Portuguese
Fernão Pires de Andrade,Ming China,16th,Portuguese
Salomon August Andrée,Arctic,19th,Swedish
Roy Chapman Andrews,"China, Mongolia",20th,American
Juan Bautista de Anza,California,18th,Spanish
Dominick Arduin,North Pole,20th,French
Dominick Arduin,North Pole,21st,French
Henryk Arctowski,"Antarctic, South America",20th,Polish
Neil Armstrong,The Moon,20th,American
Ingólfur Arnarson,Iceland,9th,Norse
Vladimir Arsenyev,Far East,20th,Russian
Michael Asher,Africa,20th,English
Pêro de Ataíde,Indian Ocean,16th,Portuguese
Pêro de Ataíde,Indian Ocean,17th,Portuguese
Vasco de Ataíde,"India, Tibet",16th,Portuguese
Vasco de Ataíde,"India, Tibet",17th,Portuguese
Vladimir Atlasov,Kamchatka Peninsula,17th,Siberian
Vladimir Atlasov,Kamchatka Peninsula,17th,Cossack
François Xavier Aubry,American Southwest,19th,French
François Xavier Aubry,American Southwest,19th,Canadian
Väinö Auer,Tierra del Fuego and Patagonia,20th,Finnish
Pedro Menéndez de Avilés,Florida,16th,Spanish
Juan de Ayala,California,18th,Spanish
Lucas Vázquez de Ayllón,South Carolina,16th,Spanish
Diogo de Azambuja,West African coast,15th,Portuguese
George Back,Canadian Arctic,19th,English
William Baffin,Northwest Passage,17th,English
Samuel Baker,Africa,19th,English
Vasco Núñez de Balboa,"Panama, 'discovered' the Pacific Ocean",16th,Spanish
Robert Ballard,"deep sea wrecks, Titanic",20th,American
Ann Bancroft,"Arctic, Antarctic",20th,American
Ann Bancroft,"Arctic, Antarctic",21st,American
Joseph Banks,"Newfoundland and Labrador, South Pacific",18th,English
Hong Bao,"South Asia, Southeast Asia, Middle East, East African coast",15th,Chinese
Giosafat Barbaro,"Black Sea, Near East",15th,Italian
Duarte Barbosa,"Indian Ocean, 1st circumnavigation",15th,Portuguese
Duarte Barbosa,"Indian Ocean, 1st circumnavigation",16th,Portuguese
Pêro de Barcelos,North America,15th,Portuguese
Pêro de Barcelos,North America,16th,Portuguese
Afonso Gonçalves Baldaia,Western Sahara,15th,Portuguese
Jeanne Baré,Pacific Ocean,18th,French
Jeanne Baré,Pacific Ocean,19th,French
Willem Barentsz,"Northeast Passage, Novaya Zemlya, Svalbard",16th,Dutch
Heinrich Barth,Central and northern Africa,19th,German
Robert Bartlett,Arctic,20th,Newfoundl
Robert Bartlett,Arctic,20th,er
George Bass,"Australia, Tasmania",18th,English
Henry Walter Bates,Amazon basin,19th,English
Abu Abdullah Muhammad Ibn Battuta[1][2],"Africa, Central Asia, China, Europe, Indian subcontinent, Middle East, Russia, Southeast Asia",14th,Marinid
Nicolas Baudin,Australia,18th,French
James Beckwourth,Sierra Nevada (U.S.),19th,American
William Beebe,deep sea,20th,American
Pyotr Beketov,Siberia,17th,Russian
Gertrude Bell,Greater Syria Mesopotamia Asia Minor Arabia,19th,English
Gertrude Bell,Greater Syria Mesopotamia Asia Minor Arabia,20th,English
Fabian Gottlieb von Bellingshausen,Antarctica,19th,Baltic
Fabian Gottlieb von Bellingshausen,Antarctica,19th,German
Joseph René Bellot,Arctic,19th,French
Móric Benyovszky,northern Pacific Ocean[3],18th,Hungarian
Vitus Bering,"Northern Pacific Ocean, Bering Strait, Alaska (North America)",18th,Danish
Hiram Bingham III,"Machu Picchu, Peru",20th,American
Laura Bingham,South America,20th,English
Laura Bingham,South America,21st,English
Isabella Bird,North America Hawaii Japan Korea China Vietnam Singapore Malaysia India Persia Kurdistan Turkey Morocco,19th,English
Isabella Bird,North America Hawaii Japan Korea China Vietnam Singapore Malaysia India Persia Kurdistan Turkey Morocco,20th,English
John Blashford-Snell,various,20th,English
John Blashford-Snell,various,21st,English
Adriaen Block,East Coast of the United States,17th,Dutch
Nellie Bly,trip around the world in 72 days,19th,American
Nellie Bly,trip around the world in 72 days,20th,American
Juan Francisco de la Bodega y Quadra,Pacific Northwest,18th,Spanish
Benjamin Bonneville,"Oregon Country, Great Basin",19th,American
Daniel Boone,"Kentucky, Appalachian Mountains",18th,American
Vittorio Bottego,Somalia,19th,Italian
Adam Brand,"Russia, China",17th,German
Pierre Savorgnan de Brazza,Congo,19th,Italian
Pierre Savorgnan de Brazza,Congo,19th,French
Saint Brendan,"Atlantic Ocean, Iceland",6th,Irish
Jim Bridger,Western United States,19th,American
James Bruce,"Algeria, the Middle East, Egypt",18th,Scottish
William S. Bruce,Antarctica,20th,Scottish
Jørgen Brønlund,Greenland,20th,Greenl
Jørgen Brønlund,Greenland,20th,ic
Étienne Brûlé,Canada,17th,French
Bungaree,Australian coasts,18th,Aboriginal
Bungaree,Australian coasts,18th,Australian
Bungaree,Australian coasts,19th,Aboriginal
Bungaree,Australian coasts,19th,Australian
Lafayette Bunnell,Yosemite Valley,19th,American
Johann Ludwig Burckhardt,"Middle East, Sudan",19th,Swiss
Robert O'Hara Burke,Australia,19th,Irish
Frederick Russell Burnham,"Africa, Mexico",19th,American
Frederick Russell Burnham,"Africa, Mexico",20th,American
Richard Francis Burton,East Africa,19th,English
Thomas Button,Northwest Passage,17th,Welsh
José de Bustamante y Guerra,Pacific Ocean,18th,Spanish
Richard E. Byrd,"North Pole, Antarctica",20th,American
Álvar Núñez Cabeza de Vaca,"Southwestern United States, Mexico, Argentina",16th,Spanish
John Cabot[4],North American mainland (Canada),15th,Italian
Sebastian Cabot,"Northwest Passage (Canada), Río de la Plata, Paraná River (South America)",15th,Italian
João Cabral,Bhutan & Nepal,16th,Portuguese
Pedro Álvares Cabral,"Brazil, Madagascar",15th,Portuguese
Pedro Álvares Cabral,"Brazil, Madagascar",16th,Portuguese
Juan Rodríguez Cabrillo,California,16th,Portuguese
Estêvão Cacella,Himalayas,16th,Portuguese
Alvise Cadamosto,Cape Verde islands,15th,Italian
Antoine de la Mothe Cadillac,North America,18th,French
René Caillié,North Africa,19th,French
Álvaro Caminha,São Tomé and Príncipe islands,15th,Portuguese
Pêro Vaz de Caminha,Brazil,15th,Portuguese
Alberto del Canto,Northwestern Mexico,15th,Portuguese
Alberto del Canto,Northwestern Mexico,16th,Portuguese
Diogo Cão,west coast of Africa (including the Congo River),15th,Portuguese
Hermenegildo de Brito Capelo,African continent,19th,Portuguese
John Carpini,"Central Asia, Mongolia",13th,Italian
Juan Carrasco,Pacific Northwest,18th,Spanish
Kit Carson,"Rocky Mountains, California, Oregon, Great Basin",19th,American
Jan Carstensz,"New Guinea coast, Gulf of Carpentaria",17th,Dutch
Jacques Cartier,St. Lawrence River,16th,French
João de Castro,"India, Arabian Peninsula & Red Sea",15th,Portuguese
René-Robert Cavelier de La Salle,Mississippi embayment,17th,French
Thomas Cavendish,"Virginia, Pacific coast of Central and South America",16th,English
Merieme Chadid,"Antarctica, South America, Asia, Astronomer",20th,Moroccan
Merieme Chadid,"Antarctica, South America, Asia, Astronomer",20th,French
Merieme Chadid,"Antarctica, South America, Asia, Astronomer",21st,Moroccan
Merieme Chadid,"Antarctica, South America, Asia, Astronomer",21st,French
Paul Du Chaillu,Africa,19th,French
Harriet Chalmers Adams,"South America, Asia, South Pacific",19th,American
Harriet Chalmers Adams,"South America, Asia, South Pacific",20th,American
Samuel de Champlain,"Quebec, Great Lakes",16th,French
Samuel de Champlain,"Quebec, Great Lakes",17th,French
Chang Chun,"Central Asia, Mongolia",13th,Chinese
Jean Chardin,"Persia, India",17th,French
Semion Chelyuskin,Great Northern Expedition,18th,Russian
Vasily Chichagov,Northern Sea Route,18th,Russian
Aleksei Chirikov,Great Northern Expedition,18th,Russian
Fletcher Christian,Polynesia,18th,English
Boris Chukhnovsky,Arctic,20th,Russian
Hugh Clapperton,west and Central Africa,19th,Scottish
William Clark,Western United States,19th,American
Gonçalo Coelho,South American coast,15th,Portuguese
Gonçalo Coelho,South American coast,16th,Portuguese
Nicolau Coelho,Brazil,15th,Portuguese
Frank Cole,Sahara,20th,Canadian
Bartholomew Columbus,"Hispaniola, The Antilles",15th,Italian
Bartholomew Columbus,"Hispaniola, The Antilles",15th,Genoese
Bartholomew Columbus,"Hispaniola, The Antilles",16th,Italian
Bartholomew Columbus,"Hispaniola, The Antilles",16th,Genoese
Christopher Columbus[5],"Bahamas, Caribbean, Central America, South America (Colombia and Venezuela)",15th,Italian
Christopher Columbus[5],"Bahamas, Caribbean, Central America, South America (Colombia and Venezuela)",15th,Genoese
Christopher Columbus[5],"Bahamas, Caribbean, Central America, South America (Colombia and Venezuela)",16th,Italian
Christopher Columbus[5],"Bahamas, Caribbean, Central America, South America (Colombia and Venezuela)",16th,Genoese
Diego Columbus,Hispaniola (Mainly Dominican Republic),16th,Portuguese
George Comer,Arctic,19th,American
George Comer,Arctic,20th,American
Niccolò Da Conti,"India, Southeast Asia",15th,Italian
Niccolò Da Conti,"India, Southeast Asia",15th,Venetian
Frederick Cook,Arctic,19th,American
Frederick Cook,Arctic,20th,American
James Cook,"Australasia, Oceania",18th,English
Francisco Vásquez de Coronado,New Mexico,16th,Spanish
Diogo Álvares Correia,Brazil,16th,Portuguese
Gaspar Côrte-Real,"Newfoundland, Greenland",16th,Portuguese
João Côrte-Real,"Azores, Newfoundland (Possible exploration of North America in 1473)",15th,Portuguese
Miguel Côrte-Real,"Greenland, Newfoundland, Massachusetts",16th,Portuguese
Hernán Cortés,Mexico,16th,Spanish
Juan de la Cosa,"Caribbean, South America",15th,Spanish
Juan de la Cosa,"Caribbean, South America",16th,Spanish
Thomas Coulter,"Mexico, Alta California",19th,Irish
Jean Cousin,Possibly the Americas around 1488. Possibly mouth of the Amazon River,15th,French
Jacques-Yves Cousteau,the deep sea,20th,French
Pêro da Covilhã,"India, Ethiopia",15th,Portuguese
Pêro da Covilhã,"India, Ethiopia",16th,Portuguese
Tom Crean,Antarctica,20th,Irish
Andrew Croft,Arctic,20th,English
Tristão da Cunha,Tristan da Cunha islands,16th,Portuguese
Jeremy Curl,African continent,20th,English
Jeremy Curl,African continent,20th,Irish
William Healey Dall,"Alaska, Yukon",19th,American
William Dampier,"Australia, Panama, many other locations",17th,English
William Dampier,"Australia, Panama, many other locations",18th,English
Alexandra David-Néel,Tibet (Traveled to Lhasa),20th,French
Alexandra David-Néel,Tibet (Traveled to Lhasa),20th,Belgian
Isaac Davis,Hawaii,18th,Welsh
John Davis,"East Indies, Falkland Islands",16th,English
Wang Dayuan,"Southeast Asia, Singapore",14th,Chinese
Semyon Dezhnev,"Siberia, Bering Strait (80 years before Vitus Bering)",17th,Russian
Bartolomeu Dias,Africa,15th,Portuguese
Dinis Dias,Northwest African coast,15th,Portuguese
Diogo Dias,"Madagascar, Somalia",16th,Portuguese
Pêro Dias,African coast,15th,Portuguese
Dicuil,"England, Scotland",8th,Irish
Karl von Ditmar,Kamchatka,19th,Baltic
Karl von Ditmar,Kamchatka,19th,German
Raphaël Domjan,various,21st,Swiss
Raphaël Domjan,various,21st,people
Francis Drake,"Caribbean, Pacific Coast of North America",16th,English
Gil Eanes,Northwest African coast,15th,Portuguese
Juan Sebastián Elcano,completed Ferdinand Magellan's circumnavigation,16th,Spanish
Francisco de Eliza,Strait of Juan de Fuca and Strait of Georgia,18th,Spanish
Lincoln Ellsworth,Arctic and Antarctica,20th,American
Franz Engel,South America,19th,German
Leif Eriksson,Vinland (Newfoundland) and North American mainland (Canada),11th,Norse
Leif Eriksson,Vinland (Newfoundland) and North American mainland (Canada),11th,Viking
Erik the Red,Greenland,10th,Norse
Erik the Red,Greenland,10th,Viking
Pedro Escobar,São Tomé and Príncipe islands,15th,Portuguese
St Vincent Whitshed Erskine,Gazaland & Limpopo River,19th,British
St Vincent Whitshed Erskine,Gazaland & Limpopo River,19th,South
St Vincent Whitshed Erskine,Gazaland & Limpopo River,19th,African
Eudoxus of Cyzicus,"Indian Ocean, attempted circumnavigation of Africa",2nd BC,Greek
Euthymenes,Northwest African coast,6th BC,Greek
George Everest,India,19th,Welsh
Evliya Çelebi,"Turkey, Egypt, Africa, Europe",17th,Turkish
Ahmad ibn Fadlan,"Eastern Europe, Middle East, Russia, Scandinavia",10th,Abbasid
Ahmad ibn Fadlan,"Eastern Europe, Middle East, Russia, Scandinavia",10th,Caliphate
João Álvares Fagundes,Newfoundland and Nova Scotia,16th,Portuguese
Edmund Fanning,Oceania,18th,American
Edmund Fanning,Oceania,19th,American
Percy Harrison Fawcett,Amazon Rainforest,20th,English
Álvaro Fernandes,West African coast,15th,Portuguese
Baltasar Fernandes,Brazil,17th,Portuguese
Duarte Fernandes,Thailand,16th,Portuguese
Juan Fernández,"Juan Fernández Islands, Pacific Ocean",16th,Spanish
Salvador Fidalgo,Pacific Northwest,18th,Spanish
Peter Fidler,Western Canada,18th,English
Sir Ranulph Fiennes,"Arctic, Antarctica",20th,English
Sir Ranulph Fiennes,"Arctic, Antarctica",21st,English
Matthew Flinders,"Australia, Tasmania",18th,English
Matthew Flinders,"Australia, Tasmania",19th,English
Alexander Forbes,California,19th,Scottish
Peter Forsskål,Arabian Peninsula,18th,Finnish
John Franklin,Northwest Passage,19th,English
Simon Fraser,British Columbia,18th,Scottish
Simon Fraser,British Columbia,19th,Scottish
Lançarote de Freitas,Northwest African coast,15th,Portuguese
John C. Frémont,"Oregon Trail, Sierra Nevada",19th,American
Marc-Joseph Marion du Fresne,Oceania,18th,French
Louis de Freycinet,"Western Australia, Oceania",19th,French
Martin Frobisher,"Northwest Passage, Canada",16th,English
Xu Fu,Japan,3rd BC,Chinese
Juan de Fuca,"Strait of Juan de Fuca, Canada–United States border",16th,Greek
Juan de Fuca,"Strait of Juan de Fuca, Canada–United States border",16th,Spanish
Vivian Fuchs,Antarctica,20th,English
Alfons Gabriel,Iran,20th,Austrian
Yuri Gagarin,Earth orbit,20th,Soviet
Martín Galeano,Colombia,16th,Italian
Martín Galeano,Colombia,16th,Genoese
Martín Galeano,Colombia,16th,Spanish
Dionisio Alcalá Galiano,Pacific Northwest,18th,Spanish
Juan Galindo,Mesoamerica (Mayan remains),19th,Spanish
Juan Galindo,Mesoamerica (Mayan remains),19th,Irish
Estevão da Gama,"Trindade and Martim Vaz islands, Indian Ocean",16th,Portuguese
João da Gama,"Hokkaido, Kuril islands, North Pacific, North America",16th,Portuguese
Paulo da Gama,sea route from Europe to India,15th,Portuguese
Vasco da Gama,sea route from Europe to India,15th,Portuguese
Vasco da Gama,sea route from Europe to India,16th,Portuguese
Pedro Sarmiento de Gamboa,Solomon Islands,16th,Spanish
Thomas Gann,Mesoamerica (Mayan remains),19th,Irish
Thomas Gann,Mesoamerica (Mayan remains),20th,Irish
Aleixo Garcia,"Brazil, Paraguay and Bolivia",16th,Portuguese
Francisco García Jofre de Loaísa,Pacific Ocean,16th,Spanish
Francis Garnier,Mekong River,19th,French
Adrien de Gerlache,"Antarctica, Arctic",19th,Belgian
Adrien de Gerlache,"Antarctica, Arctic",20th,Belgian
Romolo Gessi,"the Nile, Sudan",19th,Italian
Humphrey Gilbert,North America,16th,English
Ernest Giles,Central Australia,19th,Australian
Diogo Gomes,West African coast,15th,Portuguese
André Gonçalves,Brazil,15th,Portuguese
André Gonçalves,Brazil,16th,Portuguese
Antão Gonçalves,West African coast,15th,Portuguese
Lopes Gonçalves,Atlantic Ocean,15th,Portuguese
Binot Paulmier de Gonneville,Brazil (Santa Catarina),15th,French
Binot Paulmier de Gonneville,Brazil (Santa Catarina),16th,French
Sascha Grabow,DRC Congo,20th,German
Sascha Grabow,DRC Congo,21st,German
James Augustus Grant,East Africa,19th,Scottish
João Grego,African coast,15th,Portuguese
Juan de Grijalva,"Mexico, Nicaragua",16th,Spanish
Grigory Grum-Grshimailo,"Central Asia, Tuva, Far East",19th,Russian
Grigory Grum-Grshimailo,"Central Asia, Tuva, Far East",20th,Russian
Gonzalo Guerrero,Yucatán Peninsula,16th,Spanish
Mikhail Gvozdev,"First Kamchatka Expedition, Great Northern Expedition",18th,Russian
Charles Gwynn,Sudan,19th,Irish
Charles Gwynn,Sudan,20th,Irish
Niels Peter Høeg Hagen,Greenland,20th,Danish
Hanno the Navigator,West African coast,6th BC,Carthaginian
Hannu,East Africa,21st,Egyptian
Hannu,East Africa,20th BC,Egyptian
Gonzalo López de Haro,Pacific Northwest,18th,Spanish
Alfred Harrison,Arctic,20th,English
Dirk Hartog,Western Australian coast,17th,Dutch
Ahmed Pasha Hassanein[6],Oweinat and the Sahara,20th,Egyptian
Ferdinand Vandeveer Hayden,Rocky Mountains and the Western United States,19th,American
Zheng He,"South Asia, Southeast Asia, Middle East, East African coast",15th,Chinese
Samuel Hearne,"North Canada, Arctic",18th,English
Bruno de Heceta,Pacific Northwest,18th,Spanish
Sven Hedin,Central Asia,19th,Swedish
Sven Hedin,Central Asia,20th,Swedish
Matthew Alexander Henson,Arctic,20th,American
Louis Hennepin,North American interior,17th,Belgian
Louis Hennepin,North American interior,17th,French
Pedro de Heredia,Northern Colombia,16th,Spanish
Bjarni Herjulfsson,North America,10th,Norse
Bjarni Herjulfsson,North America,10th,Viking
William Lewis Herndon,Amazon basin,19th,American
Herodotus,"Near East, Middle East, North Africa",5th BC,Greek
Thor Heyerdahl,anthropological ocean voyages,20th,Norwegian
Sir Edmund Hillary,"Mount Everest, Antarctica",20th,New
Sir Edmund Hillary,"Mount Everest, Antarctica",20th,Zeal
Sir Edmund Hillary,"Mount Everest, Antarctica",20th,er
Himilco the Navigator,Northwestern coast of Europe,6th BC,Carthaginian
Hippalus,Indian Ocean,1st BC,Greek
Clement Hodgkinson,New South Wales (Australia),19th,English
Pelham Aldrich,Arctic,19th,English
Pelham Aldrich,Arctic,20th,English
Emil Holub,Africa,19th,Czech
Robert Hottot,Congo River,20th,French
Cornelis de Houtman,sea route from Europe to Indonesia,16th,Dutch
Frederick de Houtman,Western Australian coast,16th,Dutch
Frederick de Houtman,Western Australian coast,17th,Dutch
William Hovell,Southern New South Wales,19th,English
Du Huan,"Central Asia, Middle East, East African coast",8th,Chinese
Henry Hudson,"Northwest Passage, Hudson River and Hudson Bay",17th,English
Alexander von Humboldt,"Latin America, Siberia",19th,German
Hamilton Hume,Australian interior,19th,Australian
James S. Hutchinson,Sierra Nevada (U.S.),20th,American
Hyecho,"India, Persia and Central Asia",8th,Korean
João Infante,African coast,15th,Portuguese
Helge Ingstad,"Newfoundland, Greenland, Alaska",20th,Norwegian
James Irwin,The Moon,20th,American
Kurbat Ivanov,"Siberia, Russian Far East, discoverer of Lake Baikal",17th,Siberian
Kurbat Ivanov,"Siberia, Russian Far East, discoverer of Lake Baikal",17th,Cossack
Roberto Ivens,African continent,19th,Portuguese
Cristóvão Jacques,"Paraná River, Brazil, Uruguay, Argentina",16th,Portuguese
James of Ireland,"Sumatra, China",14th,Irish
Willem Janszoon,Australia (Queensland),17th,Dutch
Anthony Jenkinson,"Russia, Persia",16th,English
Louis Jolliet,Mississippi River,17th,French
Louis Jolliet,Mississippi River,17th,Canadian
Jørgen Jørgensen,Tasmania,18th,Danish
Jørgen Jørgensen,Tasmania,19th,Danish
Friar Julian,Volga Bulgaria,13th,Hungarian
Thorfinn Karlsefni,Vinland,11th,Icel
Thorfinn Karlsefni,Vinland,11th,ic
Johann Karl Ehrenfried Kegel,Kamchatka,19th,German
George Kennan,Russia[7],19th,American
George Kennan,Russia[7],20th,American
Edmund Kennedy,Australian interior,19th,British
Edmund Kennedy,Australian interior,19th,Australian
Robert Kennicott,"Alaska, Siberia, Yukon and Northern Canada",19th,American
Yerofey Khabarov,Second Russian to explore the Amur region,17th,Russian
Khashkhash Ibn Saeed Ibn Aswad,Atlantic Ocean (possibly Americas),9th,Andalusian
Mary Kingsley,"Cameroon, Gabon, Congo, and other South West African regions",19th,English
Eusebio Kino,"Californias, Sonora and Arizona",17th,Italian
Eusebio Kino,"Californias, Sonora and Arizona",18th,Italian
Maria Klenova,One of the founders of marine geology,20th,Russian
Amyr Klink,Antarctica,20th,Brazilian
John Knight,"Greenland, Labrador",17th,English
Ness Knight,"South America, Namibia",21st,South
Ness Knight,"South America, Namibia",21st,African
Johan Peter Koch,Greenland,20th,Danish
Alexander Kolchak,Russian Arctic,20th,Russian
Ferdinand Konščak,Baja California Peninsula,17th,Croatian
Fyodor Konyukhov,"circumnavigation, Explorers Grand Slam, pole of inaccessibility",20th,Russian
Fyodor Konyukhov,"circumnavigation, Explorers Grand Slam, pole of inaccessibility",21st,Russian
Otto von Kotzebue,Pacific Ocean,19th,Baltic
Otto von Kotzebue,Pacific Ocean,19th,German
Pyotr Kozlov,"Mongolia, Tibet",20th,Russian
Johann Ludwig Krapf,"Ethiopia, Kenya",19th,German
Pyotr Krenitsyn,"Alaska, Aleutian Islands, Kamchatka Peninsula",18th,Russian
Adam Johann von Krusenstern,First Russian circumnavigation,19th,Baltic
Adam Johann von Krusenstern,First Russian circumnavigation,19th,German
Francisco de Lacerda,Zambia,18th,Portuguese
Juan Ladrillero,Chile,16th,Spanish
Ernest Doudard de Lagrée,"Indochina, Mekong and Yunnan",19th,French
Alexander Gordon Laing,West Africa (Niger River and Timbuktu),19th,Scottish
Pierre Martin de La Martinière,"Norway, Lapland, northern Russia, Novaya Zemlya, Greenland and Iceland",17th,French
Richard Lemon Lander,West Africa (Niger and Benue Rivers),19th,Cornish
Grigori Ivanovitch Langsdorff,Brazil,19th,Russian
Grigori Ivanovitch Langsdorff,Brazil,19th,German
"Jean-François de Galaup, comte de La Pérouse",Pacific Rim,18th,French
Khariton Laptev,Great Northern Expedition,18th,Russian
Anthony de la Roché,Antarctica,17th,English
João Fernandes Lavrador,Labrador,15th,Portuguese
João Fernandes Lavrador,Labrador,16th,Portuguese
Joseph N. LeConte,Sierra Nevada (U.S.),20th,American
Albert von Le Coq,Central Asia,19th,German
Albert von Le Coq,Central Asia,20th,German
John Ledyard,"Australasia, Oceania, Russia",18th,American
Miguel López de Legazpi,Philippines,16th,Spanish
Ludwig Leichhardt,Australian interior,19th,German
Jacob Le Maire,"South Pacific (Cape Horn, Tonga Islands, Wallis and Futuna)",17th,Dutch
Gaspar de Lemos,Brazil,15th,Portuguese
Dragutin Lerman,Congo,19th,Croatian
Dragutin Lerman,Congo,20th,Croatian
Mikhail Levashev,"Alaska, Aleutian Islands, Kamchatka Peninsula",18th,Russian
Meriwether Lewis,Western United States,18th,American
Meriwether Lewis,Western United States,19th,American
"Sir Martin Lindsay, 1st Baronet",East Greenland,20th,Scottish
João de Lisboa,"Indian Ocean, Brazil, Uruguay and Argentina",15th,Portuguese
João de Lisboa,"Indian Ocean, Brazil, Uruguay and Argentina",16th,Portuguese
St. George Littledale,Central Asia and North America,19th,English
David Livingstone,Southern and East Africa,19th,Scottish
Louis-Philippe Loncke,"Australia, the Andes and Iceland",21st,Belgian
Jim Lovell,Outer Space,20th,American
Alexander Mackenzie,Canada,18th,Scottish
Alexander Mackenzie,Canada,18th,Canadian
Alexander Mackenzie,Canada,19th,Scottish
Alexander Mackenzie,Canada,19th,Canadian
Ferdinand Magellan,"1st circumnavigation, Philippines, Strait of Malacca, Indian Ocean",15th,Portuguese
Ferdinand Magellan,"1st circumnavigation, Philippines, Strait of Malacca, Indian Ocean",16th,Portuguese
Jacques Mahu,Cape Verde islands,16th,French
Jacques Mahu,Cape Verde islands,16th,Dutch
Alessandro Malaspina,Pacific Ocean,18th,Italian
Alessandro Malaspina,Pacific Ocean,18th,Spanish
Teoberto Maler,Mesoamerica (Mayan remains),19th,German
Teoberto Maler,Mesoamerica (Mayan remains),19th,Italian
George Mallory,Mount Everest,20th,English
Lancelotto Malocello,Lanzarote (Canary Islands),13th,Italian
Lancelotto Malocello,Lanzarote (Canary Islands),14th,Italian
Albert Hastings Markham,Arctic,19th,British
Lourenço Marques,Mozambique,16th,Portuguese
Jacques Marquette,Mississippi River,17th,French
Álvaro Martins,"Newfoundland, Cape of Good Hope",15th,Portuguese
Pedro Mascarenhas,"Indian Ocean, Diego Garcia",16th,Portuguese
John Minor Maury,Darién Gap,19th,American
Douglas Mawson,Antarctica,20th,Australian
Robert McClure,Arctic,19th,Irish
Robert McCormick,Arctic and Antarctic Oceans,19th,British
Álvaro de Mendaña,Pacific Ocean,16th,Spanish
António Lopes Mendes,"Brazil, India",19th,Portuguese
Cristóvão de Mendonça,"East Asia, Australasia",16th,Portuguese
Pedro de Mendoza,South America,16th,Spanish
Jorge de Menezes,Papua New Guinea,16th,Portuguese
Archibald Menzies,"Pacific Ocean, circumnavigation",18th,Scottish
Archibald Menzies,"Pacific Ocean, circumnavigation",19th,Scottish
Alexander von Middendorff,"Siberia, Far East, Lapland, Fergana Valley",19th,Russian
Alexander von Middendorff,"Siberia, Far East, Lapland, Fergana Valley",19th,Baltic
Alexander von Middendorff,"Siberia, Far East, Lapland, Fergana Valley",19th,German
Ejnar Mikkelsen,Greenland,20th,Danish
Nicholas Miklouho-Maclay,New Guinea,19th,Russian
Thomas Mitchell,Australian interior,19th,Scottish
Richard Mohun,Congo Free State,19th,American
Richard Mohun,Congo Free State,20th,American
"Pierre Dugua, Sieur de Mons",North America,16th,French
"Pierre Dugua, Sieur de Mons",North America,17th,French
George Fletcher Moore,Australia,19th,Irish
John Moresby,New Guinea coast,19th,English
Ivan Moskvitin,First European to reach the Sea of Okhotsk,17th,Russian
António Mota,Japan,16th,Portuguese
Henri Mouhot,South East Asia,19th,French
Francisco Antonio Mourelle,Pacific Northwest and Pacific Ocean,18th,Spanish
Bimal Mukherjee,circumnavigation,20th,Indian
Ludvig Mylius-Erichsen,Greenland,20th,Danish
Gustav Nachtigal,Africa[8],19th,German
Naddoddur,Iceland,9th,Norse
Naddoddur,Iceland,9th,Viking
Nain Singh Rawat (Pundit Brothers),"Tibet, Himalayas and Central Asia",19th,Indian
Fridtjof Nansen,Arctic,19th,Norwegian
Fridtjof Nansen,Arctic,20th,Norwegian
José María Narváez,Pacific Northwest,18th,Spanish
Nearchus,"Arabian Sea, Persian Gulf",4th BC,Greek
Nehsi,Land of Punt,15th BC,Egyptian
Arthur Henry Neumann,Africa,19th,English
Gennady Nevelskoy,Sakhalin,19th,Russian
Jean Nicolet,Northwest Territory (United States),17th,French
Joseph Nicollet,Mississippi and Missouri Rivers,19th,French
Joseph Nicollet,Mississippi and Missouri Rivers,19th,American
Afanasiy Nikitin,India,15th,Russian
António Noli,Cape Verde islands,15th,Portuguese
Adolf Erik Nordenskiöld,Arctic,19th,Finnish
Tenzing Norgay,Mount Everest,20th,Nepalese
Fernão de Noronha,Atlantic Ocean,15th,Portuguese
Fernão de Noronha,Atlantic Ocean,16th,Portuguese
João da Nova,Atlantic and Indian Oceans,16th,Galician
João da Nova,Atlantic and Indian Oceans,16th,Portuguese
Paulo Dias de Novais,Angola,16th,Portuguese
Kazimierz Nowak,Africa,20th,Polish
Vanessa O'Brien,Mountaineering and Challenger Deep in Marianas Trench,20th,American
Vanessa O'Brien,Mountaineering and Challenger Deep in Marianas Trench,20th,British
Vanessa O'Brien,Mountaineering and Challenger Deep in Marianas Trench,21st,American
Vanessa O'Brien,Mountaineering and Challenger Deep in Marianas Trench,21st,British
Sebastián de Ocampo,"Caribbean, Gulf of Mexico",16th,Spanish
Odoric of Pordenone,"Persia, India and China",14th,Italian
Peter Skene Ogden,"Snake River country, Western United States",19th,Canadian
Alonso de Ojeda,"South America (north), Caribbean",15th,Spanish
Alonso de Ojeda,"South America (north), Caribbean",16th,Spanish
Juan de Oñate,American Southwest,16th,Spanish
Francisco de Orellana,"South America, Amazon River",16th,Spanish
Simone Orlandini,"Arctic, Tibet",21st,Italian
Íñigo Órtiz de Retes,Papua New Guinea,16th,Spanish
John Oxenham,"Panama, Pacific Ocean",16th,English
John Oxley,Australia[9],19th,English
Pedro Páez,Ethiopia,16th,Spanish
Pedro Páez,Ethiopia,17th,Spanish
Juan Pardo,Southeastern United States,16th,Spanish
Mungo Park,West Africa (Niger River),18th,Scottish
Mungo Park,West Africa (Niger River),19th,Scottish
William Parry,Arctic,19th,English
James Ohio Pattie,Western United States,19th,American
Fiann Paul,"Arctic, Antarctic, Oceans",21st,Icel
Fiann Paul,"Arctic, Antarctic, Oceans",21st,ic
Nathaniel Pearce,Ethiopia,19th,English
Robert Peary,Arctic,19th,American
Robert Peary,Arctic,20th,American
Paul Pelliot,central Asia,19th,French
Paul Pelliot,central Asia,20th,French
Diogo Fernandes Pereira,"Madagascar, Mascarenes (Réunion, Mauritius, and Rodrigues)",15th,Portuguese
Diogo Fernandes Pereira,"Madagascar, Mascarenes (Réunion, Mauritius, and Rodrigues)",16th,Portuguese
Duarte Pacheco Pereira,"Atlantic Ocean, Brazil",15th,Portuguese
Bartolomeu Perestrelo,Madeira Islands,15th,Portuguese
Juan Pérez,Pacific Northwest,18th,Spanish
Maksim Perfilyev,"Eastern Siberia, first Russian to reach Transbaikalia",17th,Siberian
Maksim Perfilyev,"Eastern Siberia, first Russian to reach Transbaikalia",17th,Cossack
Ivan Petlin,First Russian to reach China,17th,Siberian
Ivan Petlin,First Russian to reach China,17th,Cossack
Auguste Piccard,"Earth's atmosphere, the deep sea",20th,Swiss
Jacques Piccard,the deep sea,20th,Swiss
Antonio Pigafetta,Survived the 1st circumnavigation of the world,16th,Italian
Antonio Pigafetta,Survived the 1st circumnavigation of the world,16th,Venetian
Zebulon Pike,Louisiana Purchase (United States),19th,American
Alonso Alvarez de Pineda,Gulf Coast,16th,Spanish
Fernão Mendes Pinto,"India, Far East, Japan",16th,Portuguese
Serpa Pinto,Southern Africa,19th,Portuguese
Martin Alonzo Pinzón,Caribbean,15th,Spanish
Vicente Yáñez Pinzón,"Caribbean, Brazil",15th,Spanish
Vicente Yáñez Pinzón,"Caribbean, Brazil",16th,Spanish
Luís Pires,abortive voyage to Brazil,15th,Portuguese
Francisco Pizarro,"Hispaniola, Panama, Peru",16th,Spanish
Fernão do Pó,West African coast,15th,Portuguese
Marco Polo,"China, Mongol Empire, India",13th,Italian
Marco Polo,"China, Mongol Empire, India",13th,Venetian
Marco Polo,"China, Mongol Empire, India",14th,Italian
Marco Polo,"China, Mongol Empire, India",14th,Venetian
Juan Ponce de León,Florida,15th,Spanish
Juan Ponce de León,Florida,16th,Spanish
Peter Pond,Canadian interior,18th,American
Peter Pond,Canadian interior,19th,American
Fedot Popov,The first European expedition through the Bering Strait,17th,Russian
António da Silva Porto,Angola interior,19th,Portuguese
Gaspar de Portolà,Alta and Baja California,18th,Spanish
Posidonius,Gaul,1st BC,Greek
Sydney Possuelo,Amazon,20th,Brazilian
Sydney Possuelo,Amazon,21st,Brazilian
Panayotis Potagos,Africa,19th,Greek
Grigory Potanin,Inner Asia,19th,Russian
John Wesley Powell,Western United States,19th,American
Vassili Poyarkov,First Russian explorer of the Amur region,17th,Russian
Mandil Pradhan,Himalayas,21st,Nepalese
Gavriil Pribylov,Pribilof Islands,18th,Russian
Vasili Pronchishchev,Great Northern Expedition,18th,Russian
Maria Pronchishcheva,The first female Arctic explorer,18th,Russian
Nathaniel Hale Pryor,western United States,19th,American
Nikolai Przhevalsky,Central Asia,19th,Russian
Peter Puget,Puget Sound,19th,English
Pytheas,Northern Europe,4th BC,Greek
Zhang Qian,Central Asia,2nd BC,Chinese
Pedro Fernandes de Queirós,Oceania,16th,Portuguese
Pedro Fernandes de Queirós,Oceania,17th,Portuguese
Gonzalo Jiménez de Quesada,From Santa Marta to the Bogotá savanna; quest for El Dorado,16th,Spanish
Hernán Pérez de Quesada,"Caquetá, Colombia; quest for El Dorado",16th,Spanish
Manuel Quimper,Pacific Northwest,18th,Spanish
Emil Racoviță,Antarctica,19th,Romanian
Emil Racoviță,Antarctica,20th,Romanian
John Rae,"Northwest Passage, Canadian Arctic",19th,Scottish
John Rae,"Northwest Passage, Canadian Arctic",19th,Canadian
Sir Walter Raleigh,"Virginia, Orinoco River",16th,English
Sir Walter Raleigh,"Virginia, Orinoco River",17th,English
Knud Rasmussen,Arctic,20th,Danish
Piri Reis,Mediterranean Sea,15th,Turkish
Piri Reis,Mediterranean Sea,16th,Turkish
Matteo Ricci,China,16th,Italian
Mario Rigby,Africa,21st,Turks
Mario Rigby,Africa,21st,Caicos
Mario Rigby,Africa,21st,Isl
Mario Rigby,Africa,21st,er
Arthur Rimbaud,Horn of Africa (Abyssinia),19th,French
Luigi Robecchi,Africa,19th,Italian
Anthony de la Roché,Antarctic (South Georgia),17th,English
Diogo Rodrigues,Mascarene Islands,16th,Portuguese
Nicholas Roerich,"Central Asia, Northeast Asia",20th,Russian
Jacob Roggeveen,South Pacific (Easter Island),18th,Dutch
Cândido Rondon,Brazilian interior (Amazon Basin),19th,Brazilian
Cândido Rondon,Brazilian interior (Amazon Basin),20th,Brazilian
James Clark Ross,"Arctic, Antarctic",19th,English
Sir John Ross,Arctic,19th,Scottish
John Ross,Northern Territory,19th,Scottish
John Ross,Northern Territory,19th,Australian
William of Rubruck,Central Asia,13th,Flemish
Nikolay Rudanovsky,Sakhalin,19th,Russian
Henry Russell,Pyrenees,19th,Irish
Ahmad ibn Rustah,"Russia, Scandinavia, Arabia",10th,Persian
João de Sá,"India, African coast",15th,Portuguese
João de Sá,"India, African coast",16th,Portuguese
Álvaro de Saavedra,"Papua New Guinea, Caroline Islands, Marshall Islands",16th,Spanish
Edward Sabine,Arctic,19th,Irish
Sacagawea,Western United States,18th,Lemhi
Sacagawea,Western United States,18th,Shoshone
Sacagawea,Western United States,19th,Lemhi
Sacagawea,Western United States,19th,Shoshone
Anatoly Sagalevich,"Explorer of the World Ocean, seabed at the North Pole",20th,Russian
Anatoly Sagalevich,"Explorer of the World Ocean, seabed at the North Pole",21st,Russian
Kira Salak,"Papua New Guinea, Mali, Bhutan",20th,American
Kira Salak,"Papua New Guinea, Mali, Bhutan",21st,American
Alonso de Salazar,"Marshall Islands, Pacific Ocean",16th,Spanish
Gadiel Sánchez Rivera,"Amazon, Lake Titicaca",21st,Peruvian
Sándor Kőrösi Csoma,Tibet,19th,Hungarian
Yakov Sannikov,New Siberian Islands,19th,Russian
João de Santarém,São Tomé and Príncipe islands,15th,Portuguese
Gavril Sarychev,"Sea of Okhotsk, Baltic Sea, Aleutian Islands",18th,Russian
Gavril Sarychev,"Sea of Okhotsk, Baltic Sea, Aleutian Islands",19th,Russian
Martin Sauer,"Siberia, Alaska",18th,English
Rabban Bar Sauma,"Europe, Middle East",13th,Turco
Rabban Bar Sauma,"Europe, Middle East",13th,Mongol
Johann Schiltberger,Central Asia,15th,German
Adolf Schlagintweit,Central Asia,19th,German
Eduard Schlagintweit,Central Asia,19th,German
Emil Schlagintweit,Central Asia,19th,German
Hermann Schlagintweit,Central Asia,19th,German
Robert Schlagintweit,Central Asia,19th,German
Ulrich Schmidl,Río de la Plata,16th,German
Willem Schouten,"South Pacific (Cape Horn, Tonga Islands, Wallis and Futuna)",17th,Dutch
Georg August Schweinfurth,East and Central Africa,19th,Baltic
Georg August Schweinfurth,East and Central Africa,19th,German
Robert Falcon Scott,Antarctica (South Pole),19th,English
Robert Falcon Scott,Antarctica (South Pole),20th,English
Scylax of Caryanda,"Indus River, Indian Ocean, Red Sea",6th BC,Greek
Tibor Sekelj,Argentina,20th,Croat
Mirko and Stjepan Seljan,"Ethiopia, South America",20th,Croat
Frederick Courtney Selous,Africa,19th,English
Symon Semeonis,"Jerusalem, Albania",14th,Hiberno
Symon Semeonis,"Jerusalem, Albania",14th,Norman
Gomes de Sequeira,"Caroline Islands, Pacific Ocean",16th,Portuguese
João Serrão,"1st Circumnavigation (also later its co-captain general); commanded the ship Santiago in the Atlantic and the Concepcion across the Pacific, Strait of Malacca, Indian Ocean",15th,Portuguese
João Serrão,"1st Circumnavigation (also later its co-captain general); commanded the ship Santiago in the Atlantic and the Concepcion across the Pacific, Strait of Malacca, Indian Ocean",16th,Portuguese
Francisco Serrão,Indonesia,15th,Portuguese
Francisco Serrão,Indonesia,16th,Portuguese
Ernest Shackleton,Antarctica,20th,English
Ernest Shackleton,Antarctica,20th,Irish
Robert Barkley Shaw,Central Asia,19th,English
Eric Shipton,"Mount Everest, southern Patagonia",20th,English
Tanaka Shōsuke,Mexico,17th,Japanese
Diogo Silves,Azores,15th,Portuguese
James Simpson,North Greenland,20th,English
Pêro de Sintra,"West African coast, Sierra Leone",15th,Portuguese
Pierre-Jean De Smet,North America,19th,Belgian
Jedediah Smith,"Western United States, Rocky Mountains",19th,American
John Smith,North America,17th,English
William Smith,South Shetland Islands,19th,English
Eugene Smurgis,Arctic Ocean,20th,Russian
J. Dewey Soper,Canadian Arctic,20th,Canadian
Hernando de Soto,"Central America, Southern United States",16th,Spanish
Martim Afonso de Sousa,Brazilian interior,16th,Portuguese
John Hanning Speke,East Africa,19th,English
Hans Staden,Brazil,16th,German
Ed Stafford,Amazon,21st,English
William Grant Stairs,Central Africa,19th,Canadian
Henry Morton Stanley,East Africa,19th,Welsh
Vilhjalmur Stefansson,Canadian Arctic,20th,Icel
Vilhjalmur Stefansson,Canadian Arctic,20th,ic
Vilhjalmur Stefansson,Canadian Arctic,20th,Canadian
Marc Aurel Stein,Central Asia,19th,Hungarian
Marc Aurel Stein,Central Asia,19th,British
Marc Aurel Stein,Central Asia,20th,Hungarian
Marc Aurel Stein,Central Asia,20th,British
John Lloyd Stephens,"Middle East, Mesoamerica (Mayan remains)",19th,American
Paweł Strzelecki[10],"the Americas, Australia (Gippsland)",19th,Polish
Paweł Strzelecki[10],"the Americas, Australia (Gippsland)",19th,British
John McDouall Stuart,Australian Interior,19th,Scottish
Charles Sturt,Australian Interior,19th,British
Gardar Svavarsson,Iceland,9th,Swedish
Anders Svedlund,Oceans,20th,Swedish
Otto Sverdrup,Arctic,19th,Norwegian
Otto Sverdrup,Arctic,20th,Norwegian
Ignacije Szentmartony,Amazon River,18th,Croat
Abel Tasman,"Australasia, including Tasmania",17th,Dutch
António Raposo Tavares,"Paraguay River, part of the Andes mountain range, Grande River, Mamoré River, Madeira River, Amazon River  (Brazil, Paraguay, Bolivia) Union of La Plata Basin to the Amazon River - circumnavigation of Brazil.",17th,Portuguese
Jean-Baptiste Tavernier,"Persia, India",17th,French
Mikhail Tebenkov,"Alaska, Aleutian Islands, Amur River",19th,Russian
Pedro Teixeira,Amazon River,17th,Portuguese
Tristão Vaz Teixeira,Madeira Islands,15th,Portuguese
Wilfred Thesiger,"Africa, Middle East",20th,English
David Thompson,"Western Canada, Pacific Northwest",18th,Welsh
David Thompson,"Western Canada, Pacific Northwest",18th,English
David Thompson,"Western Canada, Pacific Northwest",19th,Welsh
David Thompson,"Western Canada, Pacific Northwest",19th,English
Guðríður Þorbjarnardóttir,North America,11th,Icel
Guðríður Þorbjarnardóttir,North America,11th,ic
Harold William Tilman,"Himalayas, Patagonia",20th,English
Yermak Timofeyevich,Siberia,16th,Russian
Gherman Titov,First person to orbit the Earth multiple times,20th,Russian
Tenjiku Tokubei,"South East Asia, India",17th,Japanese
Eduard Toll,Arctic,19th,Baltic
Eduard Toll,Arctic,19th,German
Luis Váez de Torres,Australasia,16th,Spanish
Luis Váez de Torres,Australasia,16th,Galician
Luis Váez de Torres,Australasia,17th,Spanish
Luis Váez de Torres,Australasia,17th,Galician
Nuno Tristão,"West African coast, Guinea-Bissau",15th,Portuguese
Petrus Johannes Truter,Bechuanaland,19th,Dutch
Hasekura Tsunenaga,"Mexico, Europe",17th,Japanese
Benjamin of Tudela,"Mediterranean Sea, Arabian Peninsula, Red Sea, Persian Gulf",12th,Jewish
Benjamin of Tudela,"Mediterranean Sea, Arabian Peninsula, Red Sea, Persian Gulf",12th,Navarrese
Andrés de Urdaneta,"Pacific Ocean, Manila Galleon route",16th,Spanish
Jules Dumont d'Urville,Antarctica,19th,French
Cayetano Valdés y Flores,Pacific Northwest,18th,Spanish
George Vancouver,Pacific coast of North America[12],18th,English
Ludovico di Varthema,"Arabian Peninsula, Indian Ocean, Southeast Asia",15th,Italian
Ludovico di Varthema,"Arabian Peninsula, Indian Ocean, Southeast Asia",16th,Italian
Gonçalo Velho,Azores,15th,Portuguese
François de La Vérendrye,Western Canada,18th,French
François de La Vérendrye,Western Canada,18th,Canadian
Louis-Joseph Gaultier de La Vérendrye,Great Plains,18th,French
Louis-Joseph Gaultier de La Vérendrye,Great Plains,18th,Canadian
"Pierre Gaultier de Varennes, sieur de La Vérendrye",Great Plains,18th,French
Giovanni da Verrazzano,East Coast of the United States,16th,Italian
Amerigo Vespucci,"Eastern South American coast, Caribbean",15th,Italian
Amerigo Vespucci,"Eastern South American coast, Caribbean",16th,Italian
Flóki Vilgerðarson,Iceland,9th,Norse
Flóki Vilgerðarson,Iceland,9th,Viking
Ruy López de Villalobos,"Pacific Ocean, Philippines",16th,Spanish
Vandino and Ugolino Vivaldi,"Africa, in a failed attempt to reach India",13th,Italian
Sebastián Vizcaíno,"Northwest Pacific, California Coast",16th,Spanish
Willem de Vlamingh,Southwest Australian coast,17th,Dutch
Maarten Gerritsz Vries,"Northwest Pacific (Hokkaido, Sakhalin)",17th,Dutch
Lionel Wafer,"Malay Archipelago, Isthmus of Panama",17th,Welsh
Jean-Frédéric Waldeck,Mesoamerica (Mayan remains),19th,French
Thomas Walker,Eastern United States[13],18th,American
Gino Watkins,East Greenland & Labrador,20th,English
Langdon Warner,the Silk Road,20th,American
Alfred Wegener,Greenland,20th,German
John White,Roanoke Island,15th,English
Jim Whittaker,"Mount Everest, Antarctica",20th,American
Frederick Whymper,"Alaska, Kamchatka, Yukon",19th,English
Charles Wilkes,Pacific Ocean,19th,American
Edward Adrian Wilson,Antarctica,19th,English
Edward Adrian Wilson,Antarctica,20th,English
Ernest Henry Wilson,"East Asia, East Africa, Central and South America, Australia, New Zealand",19th,English
Ernest Henry Wilson,"East Asia, East Africa, Central and South America, Australia, New Zealand",20th,English
James Wilson,Pacific Islands,18th,British
Thomas Braidwood Wilson,Australia,19th,Scottish
Thomas Braidwood Wilson,Australia,19th,Australian
Harry de Windt,Eurasia,19th,French
Harry de Windt,Eurasia,20th,French
Fanny Bullock Workman,Himalaya,19th,American
Fanny Bullock Workman,Himalaya,20th,American
Ferdinand von Wrangel,Northern Russia,19th,Baltic
Ferdinand von Wrangel,Northern Russia,19th,German
Xuanzang,"Indian subcontinent, Central Asia",7th,Chinese
John Young,Hawaii,18th,Scottish
John Young,Hawaii,18th,English
Sir Francis Younghusband,Central Asia,19th,British
Sir Francis Younghusband,Central Asia,20th,British
João Gonçalves Zarco,Madeira Islands,15th,Portuguese
Gonzalo García Zorro,Colombia,16th,Spanish
