,Tweets,User,User_statuses_count,user_followers,User_location,User_verified,fav_count,rt_count,tweet_date,User_lat,User_lng
0,"RT @dgolumbia: 1/ in the olden days, I used to occasionally speak or write about #digitalhumanities. I've been trolled into silence about i‚Ä¶",Paul A. Bov√©,13883,390,"Wexford, PA",False,0,2,2020-10-11 16:00:37,40.6264561,-80.055891
1,"RT @dgolumbia: 1/ in the olden days, I used to occasionally speak or write about #digitalhumanities. I've been trolled into silence about i‚Ä¶",K. White,30765,532,,False,0,2,2020-10-11 14:23:06,,
2,"1/ in the olden days, I used to occasionally speak or write about #digitalhumanities. I've been trolled into silenc‚Ä¶ https://t.co/ba0tFydaSH",David Prospefity Golumbia,85558,5578,"Richmond, VA",False,3,2,2020-10-11 14:08:53,37.5385087,-77.43428
3,RT @dariahTeach: Looking to improve your #creativeskills? Why not apply to one or two of our #virtualcourses and #virtualworkshops on #desi‚Ä¶,Susan Schreibman,1945,981,Maastricht,False,0,4,2020-10-10 17:16:19,50.8512438,5.6909768
4,RT @dariahTeach: Looking to improve your #creativeskills? Why not apply to one or two of our #virtualcourses and #virtualworkshops on #desi‚Ä¶,K. White,30765,532,,False,0,4,2020-10-10 15:22:50,,
5,RT @dariahTeach: Looking to improve your #creativeskills? Why not apply to one or two of our #virtualcourses and #virtualworkshops on #desi‚Ä¶,DesignThinkBot,262906,8212,,False,0,4,2020-10-10 15:20:08,,
6,RT @dariahTeach: Looking to improve your #creativeskills? Why not apply to one or two of our #virtualcourses and #virtualworkshops on #desi‚Ä¶,SprintbaseBot,93733,1014,,False,0,4,2020-10-10 15:08:31,,
7,Looking to improve your #creativeskills? Why not apply to one or two of our #virtualcourses and #virtualworkshops o‚Ä¶ https://t.co/UdEQajSq2f,#dariahTeach,1375,1170,,False,1,4,2020-10-10 15:01:01,,
8,RT @DigBlk: Two hours until ‚ÄúThe Power of Black Art‚Äù ! Join us right here on Twitter or on our YouTube channel for the livestream of the ev‚Ä¶,Vanessa Holloway ü§¨ü§¨ü§¨,1337,55,,False,0,3,2020-10-09 16:49:31,,
9,RT @DrJSchramm: Great discussion in the #Digitalhumanities session about how this work counts for tenure and promotion. Calls for eclectic‚Ä¶,K. White,30765,532,,False,0,1,2020-10-09 16:22:51,,
10,Great discussion in the #Digitalhumanities session about how this work counts for tenure and promotion. Calls for e‚Ä¶ https://t.co/c8sP9GORzy,Jeff Schramm,8865,1874,"Rolla, MO",False,1,1,2020-10-09 15:51:17,37.9509324,-91.7708076
11,RT @DigBlk: Two hours until ‚ÄúThe Power of Black Art‚Äù ! Join us right here on Twitter or on our YouTube channel for the livestream of the ev‚Ä¶,triplingual,51951,1367,"New Haven, CT",False,0,3,2020-10-09 15:25:57,41.3082138,-72.9250518
12,RT @DigBlk: Two hours until ‚ÄúThe Power of Black Art‚Äù ! Join us right here on Twitter or on our YouTube channel for the livestream of the ev‚Ä¶,K. White,30765,532,,False,0,3,2020-10-09 15:23:01,,
13,Two hours until ‚ÄúThe Power of Black Art‚Äù ! Join us right here on Twitter or on our YouTube channel for the livestre‚Ä¶ https://t.co/7lV7kQOPRp,Center for Black Digital Research,478,1075,,False,0,3,2020-10-09 15:00:08,,
14,RT @museweb: MW Conference Deadline! Take some time this afternoon to submit your proposal for the 25th annual MuseWeb (MW) Conference next‚Ä¶,K. White,30765,532,,False,0,1,2020-10-09 13:22:58,,
15,MW Conference Deadline! Take some time this afternoon to submit your proposal for the 25th annual MuseWeb (MW) Conf‚Ä¶ https://t.co/v9JUChkDz2,museweb,19480,63505,"April 5-9, 2021",False,1,1,2020-10-09 13:05:24,-34.3610257,-54.0683009
16,"RT @xrubiocampillo: Do you want to pursue a PhD on #heritage, #archaeogaming, #game-based learning or #digitalhumanities? At @didpatri we a‚Ä¶",GeohumanDARIAH,578,200,,False,0,54,2020-10-09 12:12:52,,
17,@rogermexiko @FlorianSprenge8 @bernardionysius @NoisyNarrowBand @maramills @mkirschenbaum Maybe something recent by‚Ä¶ https://t.co/1LtxU6ejt9,Till A. Heilmann,252,151,,False,2,0,2020-10-09 11:25:05,,
18,"RT @fatmaaladag: Digital Humanities and Ottoman Studies Workshop (updated)
https://t.co/eZSQJSZ8fp
#digitalhumanities #ottomanstudies https‚Ä¶",tuubanurs,423,157,T√ºrkiye,False,0,12,2020-10-08 22:05:22,38.9597594,34.9249653
19,"RT @idw_online_en: Do you have a weakness for big data, algorithms, and gaming? Than join the third #FAU Open Research Challenge and solve‚Ä¶",K. White,30765,532,,False,0,1,2020-10-08 14:23:13,,
20,"Do you have a weakness for big data, algorithms, and gaming? Than join the third #FAU Open Research Challenge and s‚Ä¶ https://t.co/ARpoWcLl9D",idw News,14555,230,Germany,False,4,1,2020-10-08 14:00:14,51.0834196,10.4234469
21,"RT @desemboltura: Looking at the Literary: Data-Driven Visualizations and the Com√©die-Fran√ßaise Registers Project #digitalhumanities

""They‚Ä¶",K. White,30765,532,,False,0,1,2020-10-08 12:23:00,,
22,Looking at the Literary: Data-Driven Visualizations and the Com√©die-Fran√ßaise Registers Project #digitalhumanities‚Ä¶ https://t.co/V9d4CCLKcS,RedInt,6377,786,ÎåÄÌïúÎØºÍµ≠ ÏÑúÏö∏,False,2,1,2020-10-08 11:57:38,37.5666791,126.9782914
23,"RT @xrubiocampillo: Do you want to pursue a PhD on #heritage, #archaeogaming, #game-based learning or #digitalhumanities? At @didpatri we a‚Ä¶",Maxime Durand,2260,1694,"Laval, Qc",False,0,54,2020-10-08 11:39:21,45.60558895,-73.73441730569056
24,"RT @xrubiocampillo: Do you want to pursue a PhD on #heritage, #archaeogaming, #game-based learning or #digitalhumanities? At @didpatri we a‚Ä¶",Jenn O'Lantern,10112,800,USA,False,0,54,2020-10-08 11:30:06,39.7837304,-100.4458825
25,"RT @xrubiocampillo: Do you want to pursue a PhD on #heritage, #archaeogaming, #game-based learning or #digitalhumanities? At @didpatri we a‚Ä¶",Andreas Angourakis,2185,1273,"Cambridge, England",False,0,54,2020-10-08 09:56:35,52.2034823,0.1235817
26,"RT @xrubiocampillo: Do you want to pursue a PhD on #heritage, #archaeogaming, #game-based learning or #digitalhumanities? At @didpatri we a‚Ä¶",Doris Gutsmiedl-Sch√ºmann,1181,420,,False,0,54,2020-10-08 08:55:27,,
27,"RT @xrubiocampillo: Do you want to pursue a PhD on #heritage, #archaeogaming, #game-based learning or #digitalhumanities? At @didpatri we a‚Ä¶",George Bruseker,244,316,"Herakleion , Crete, Greece",False,0,54,2020-10-08 08:41:32,35.3400127,25.1343475
28,"RT @xrubiocampillo: Do you want to pursue a PhD on #heritage, #archaeogaming, #game-based learning or #digitalhumanities? At @didpatri we a‚Ä¶",Dr Megan Kasten,1043,504,"Glasgow, Scotland",False,0,54,2020-10-08 08:27:14,55.8609825,-4.2488787
29,"RT @xrubiocampillo: Do you want to pursue a PhD on #heritage, #archaeogaming, #game-based learning or #digitalhumanities? At @didpatri we a‚Ä¶",HistoryBathSpa,549,331,"Bath, England",False,0,54,2020-10-08 08:18:23,51.380926349999996,-2.37418971512966
30,"RT @xrubiocampillo: Do you want to pursue a PhD on #heritage, #archaeogaming, #game-based learning or #digitalhumanities? At @didpatri we a‚Ä¶",Dr Sara Perry,8433,9137,"London, England",False,0,54,2020-10-08 08:15:30,51.5073219,-0.1276474
31,"RT @xrubiocampillo: Do you want to pursue a PhD on #heritage, #archaeogaming, #game-based learning or #digitalhumanities? At @didpatri we a‚Ä¶",Bouldering Epigrammetry,474,139,"Graz, √ñsterreich",False,0,54,2020-10-08 08:10:37,47.0708678,15.4382786
32,"RT @xrubiocampillo: Do you want to pursue a PhD on #heritage, #archaeogaming, #game-based learning or #digitalhumanities? At @didpatri we a‚Ä¶",100DaysofDH,722,175,,False,0,54,2020-10-08 08:09:19,,
33,"RT @xrubiocampillo: Do you want to pursue a PhD on #heritage, #archaeogaming, #game-based learning or #digitalhumanities? At @didpatri we a‚Ä¶",elena cantarell,2124,341,,False,0,54,2020-10-08 07:58:39,,
34,"RT @xrubiocampillo: Do you want to pursue a PhD on #heritage, #archaeogaming, #game-based learning or #digitalhumanities? At @didpatri we a‚Ä¶","Dr. Kira Jones, unaccredited prismatoid",6904,1344,Atlanta,False,0,54,2020-10-08 03:11:08,33.7490987,-84.3901849
35,"RT @xrubiocampillo: Do you want to pursue a PhD on #heritage, #archaeogaming, #game-based learning or #digitalhumanities? At @didpatri we a‚Ä¶",Game Dev News,79779,3110,USA,False,0,54,2020-10-08 00:58:20,39.7837304,-100.4458825
36,"RT @xrubiocampillo: Do you want to pursue a PhD on #heritage, #archaeogaming, #game-based learning or #digitalhumanities? At @didpatri we a‚Ä¶",Jared Hansen,1046,166,,False,0,54,2020-10-08 00:27:28,,
37,"RT @kate_historian: Happy üî•Fire Prevention Weeküî•

Check out my first DC Historic Sites tour, DC Firehouses, online or via our app with @DCP‚Ä¶",Rosie,21,45,,False,0,4,2020-10-07 23:08:00,,
38,"RT @xrubiocampillo: Do you want to pursue a PhD on #heritage, #archaeogaming, #game-based learning or #digitalhumanities? At @didpatri we a‚Ä¶",Fyk O.M. Fei üò∑,75283,995,Havgapet,False,0,54,2020-10-07 22:37:33,58.9465857,5.5722478
39,"RT @xrubiocampillo: Do you want to pursue a PhD on #heritage, #archaeogaming, #game-based learning or #digitalhumanities? At @didpatri we a‚Ä¶",Miguel Ramirez,2542,216,"Melbourne, Australia",False,0,54,2020-10-07 22:18:13,-37.8142176,144.9631608
40,"RT @kate_historian: Happy üî•Fire Prevention Weeküî•

Check out my first DC Historic Sites tour, DC Firehouses, online or via our app with @DCP‚Ä¶",Jessica Unger,533,307,"Washington, DC",False,0,4,2020-10-07 21:36:27,38.8949924,-77.0365581
41,"RT @kate_historian: Happy üî•Fire Prevention Weeküî•

Check out my first DC Historic Sites tour, DC Firehouses, online or via our app with @DCP‚Ä¶",Vanessa Holloway ü§¨ü§¨ü§¨,1337,55,,False,0,4,2020-10-07 21:34:55,,
42,"RT @xrubiocampillo: Do you want to pursue a PhD on #heritage, #archaeogaming, #game-based learning or #digitalhumanities? At @didpatri we a‚Ä¶",Tom Armitage,16525,2491,"Edinburgh, Scotland",False,0,54,2020-10-07 21:23:44,55.9533456,-3.1883749
43,"RT @kate_historian: Happy üî•Fire Prevention Weeküî•

Check out my first DC Historic Sites tour, DC Firehouses, online or via our app with @DCP‚Ä¶",K. White,30765,532,,False,0,4,2020-10-07 21:22:53,,
44,"Happy üî•Fire Prevention Weeküî•

Check out my first DC Historic Sites tour, DC Firehouses, online or via our app with‚Ä¶ https://t.co/vtSbO5GPiy",Kathryn Morgan,26,184,,False,4,4,2020-10-07 21:18:44,,
45,"RT @xrubiocampillo: Do you want to pursue a PhD on #heritage, #archaeogaming, #game-based learning or #digitalhumanities? At @didpatri we a‚Ä¶",Zoe Arthurs,1361,303,"West Midlands, England",False,0,54,2020-10-07 21:12:20,52.5050033,-1.964396123331272
46,"RT @xrubiocampillo: Do you want to pursue a PhD on #heritage, #archaeogaming, #game-based learning or #digitalhumanities? At @didpatri we a‚Ä¶",Kalliopi Kontiza,9672,1157,"London,UK",False,0,54,2020-10-07 20:55:34,51.5073219,-0.1276474
47,@tkinias Yes! I often make jokes about universities'/historians' incompetence with computers/internet/technology (p‚Ä¶ https://t.co/9foYXKX4lH,Mikko Toivanen,769,561,,False,1,0,2020-10-07 20:24:54,,
48,"RT @xrubiocampillo: Do you want to pursue a PhD on #heritage, #archaeogaming, #game-based learning or #digitalhumanities? At @didpatri we a‚Ä¶",Rebecca Lambert: Punk As F***üòä,90282,5056,An Archaeological Rabbit Hole,False,0,54,2020-10-07 20:19:40,51.2003187,1.1653792
49,"RT @xrubiocampillo: Do you want to pursue a PhD on #heritage, #archaeogaming, #game-based learning or #digitalhumanities? At @didpatri we a‚Ä¶",Anna,4938,131,,False,0,54,2020-10-07 19:17:38,,
50,RT @museweb: Don‚Äôt miss your chance to be published! The deadline to submit an #MW21 Conference proposal has been extended to October 9. Yo‚Ä¶,Heather,906,396,,False,0,4,2020-10-07 18:47:58,,
51,"RT @inklessEditions: According to the description of Nicholas' room in The Miller's Tale, how much do you think student's rooms have change‚Ä¶",K. White,30765,532,,False,0,1,2020-10-07 18:22:51,,
52,"RT @xrubiocampillo: Do you want to pursue a PhD on #heritage, #archaeogaming, #game-based learning or #digitalhumanities? At @didpatri we a‚Ä¶",√Älex,38431,1834,,False,0,54,2020-10-07 17:48:11,,
53,"According to the description of Nicholas' room in The Miller's Tale, how much do you think student's rooms have cha‚Ä¶ https://t.co/ub7jvZzjST",Inkless Editions,133,158,,False,1,1,2020-10-07 17:40:07,,
54,"RT @xrubiocampillo: Do you want to pursue a PhD on #heritage, #archaeogaming, #game-based learning or #digitalhumanities? At @didpatri we a‚Ä¶",Isabel Boj Cullell,1877,86,Barcelona,False,0,54,2020-10-07 17:35:34,41.3828939,2.1774322
55,"RT @xrubiocampillo: Do you want to pursue a PhD on #heritage, #archaeogaming, #game-based learning or #digitalhumanities? At @didpatri we a‚Ä¶",Tom Chadwin,19953,1471,Northumberland,False,0,54,2020-10-07 16:37:57,55.25,-2.000559
56,"RT @xrubiocampillo: Do you want to pursue a PhD on #heritage, #archaeogaming, #game-based learning or #digitalhumanities? At @didpatri we a‚Ä¶",Mireia Comas ViaüéóÔ∏è,1798,1036,Barcelona-Catalunya,False,0,54,2020-10-07 16:27:52,41.3828939,2.1774322
57,"RT @xrubiocampillo: Do you want to pursue a PhD on #heritage, #archaeogaming, #game-based learning or #digitalhumanities? At @didpatri we a‚Ä¶",Farah Sheikh Garcia,211,15,"Barcelona, Espa√±a",False,0,54,2020-10-07 16:14:36,41.3828939,2.1774322
58,"RT @xrubiocampillo: Do you want to pursue a PhD on #heritage, #archaeogaming, #game-based learning or #digitalhumanities? At @didpatri we a‚Ä¶",N√∫ria Jornet,4789,1143,,False,0,54,2020-10-07 16:04:11,,
59,"RT @xrubiocampillo: Do you want to pursue a PhD on #heritage, #archaeogaming, #game-based learning or #digitalhumanities? At @didpatri we a‚Ä¶",Sebastian Hageneuer,767,378,"Bonn, Deutschland",False,0,54,2020-10-07 15:57:06,50.735851,7.10066
60,"RT @xrubiocampillo: Do you want to pursue a PhD on #heritage, #archaeogaming, #game-based learning or #digitalhumanities? At @didpatri we a‚Ä¶",Pgogy WebStuff,15513,1053,All Updates from Pgogy,False,0,54,2020-10-07 15:48:50,,
61,"RT @xrubiocampillo: Do you want to pursue a PhD on #heritage, #archaeogaming, #game-based learning or #digitalhumanities? At @didpatri we a‚Ä¶",Louise Nicholas,8649,999,United Kingdom,False,0,54,2020-10-07 15:48:00,54.7023545,-3.2765753
62,"RT @xrubiocampillo: Do you want to pursue a PhD on #heritage, #archaeogaming, #game-based learning or #digitalhumanities? At @didpatri we a‚Ä¶",Dr Barbora Wouters,2134,618,"Gent, Belgium",False,0,54,2020-10-07 15:45:53,51.0538286,3.7250121
63,"RT @xrubiocampillo: Do you want to pursue a PhD on #heritage, #archaeogaming, #game-based learning or #digitalhumanities? At @didpatri we a‚Ä¶",Iris Rodr√≠guez Alcaide,6048,2423,üåá Madriz,False,0,54,2020-10-07 15:35:10,13.510956,-86.3423061
64,"RT @xrubiocampillo: Do you want to pursue a PhD on #heritage, #archaeogaming, #game-based learning or #digitalhumanities? At @didpatri we a‚Ä¶",Tine Rassalle,2718,545,North Carolina,False,0,54,2020-10-07 15:32:17,35.6729639,-79.0392919
65,"RT @xrubiocampillo: Do you want to pursue a PhD on #heritage, #archaeogaming, #game-based learning or #digitalhumanities? At @didpatri we a‚Ä¶",RedInt,6377,786,ÎåÄÌïúÎØºÍµ≠ ÏÑúÏö∏,False,0,54,2020-10-07 15:31:57,37.5666791,126.9782914
66,"RT @xrubiocampillo: Do you want to pursue a PhD on #heritage, #archaeogaming, #game-based learning or #digitalhumanities? At @didpatri we a‚Ä¶",Francesc C. Conesa,2384,437,TGN - La Laguna - Cambridge,False,0,54,2020-10-07 15:26:51,,
67,"RT @xrubiocampillo: Do you want to pursue a PhD on #heritage, #archaeogaming, #game-based learning or #digitalhumanities? At @didpatri we a‚Ä¶",Bartomeu Vallori,3947,507,"Illes Balears, Espanya",False,0,54,2020-10-07 15:25:03,39.6134018,2.8804305326400756
68,"RT @xrubiocampillo: Do you want to pursue a PhD on #heritage, #archaeogaming, #game-based learning or #digitalhumanities? At @didpatri we a‚Ä¶",M¬™ del Mar Rodr√≠guez,19508,1155,Madrid y Albalate de Zorita,False,0,54,2020-10-07 15:24:27,40.3087162,-2.8427164
69,"RT @xrubiocampillo: Do you want to pursue a PhD on #heritage, #archaeogaming, #game-based learning or #digitalhumanities? At @didpatri we a‚Ä¶",K. White,30765,532,,False,0,54,2020-10-07 15:22:54,,
70,"RT @xrubiocampillo: Do you want to pursue a PhD on #heritage, #archaeogaming, #game-based learning or #digitalhumanities? At @didpatri we a‚Ä¶",Ivan Briz Godino,9495,286,"Ushuaia, Argentina",False,0,54,2020-10-07 15:22:35,-54.8069332,-68.3073246
71,"RT @xrubiocampillo: Do you want to pursue a PhD on #heritage, #archaeogaming, #game-based learning or #digitalhumanities? At @didpatri we a‚Ä¶",Hans Huisman,494,141,,False,0,54,2020-10-07 15:19:55,,
72,"RT @xrubiocampillo: Do you want to pursue a PhD on #heritage, #archaeogaming, #game-based learning or #digitalhumanities? At @didpatri we a‚Ä¶",Sara Gutierrez Enriq,6358,315,"la Vall d'Hebron, Barcelona",False,0,54,2020-10-07 15:19:15,41.4249128,2.1423965
73,"RT @xrubiocampillo: Do you want to pursue a PhD on #heritage, #archaeogaming, #game-based learning or #digitalhumanities? At @didpatri we a‚Ä¶",erik champion,32582,1639,"Perth, Australia",False,0,54,2020-10-07 15:17:48,-31.9527121,115.8604796
74,"RT @xrubiocampillo: Do you want to pursue a PhD on #heritage, #archaeogaming, #game-based learning or #digitalhumanities? At @didpatri we a‚Ä¶",Enrico R. Crema,1050,1043,"London, Europe",False,0,54,2020-10-07 15:15:48,51.4932696,0.0553015
75,"RT @xrubiocampillo: Do you want to pursue a PhD on #heritage, #archaeogaming, #game-based learning or #digitalhumanities? At @didpatri we a‚Ä¶",Alison Atkinson-Phillip,37988,1786,"Newcastle Upon Tyne, England",False,0,54,2020-10-07 15:15:44,54.9738474,-1.6131572
76,"RT @xrubiocampillo: Do you want to pursue a PhD on #heritage, #archaeogaming, #game-based learning or #digitalhumanities? At @didpatri we a‚Ä¶",Shawn Graham,32598,5982,the interwebs,False,0,54,2020-10-07 15:13:33,42.6410472,-70.6165149
77,"RT @xrubiocampillo: Do you want to pursue a PhD on #heritage, #archaeogaming, #game-based learning or #digitalhumanities? At @didpatri we a‚Ä¶",Josema Gal√°n,7979,367,,False,0,54,2020-10-07 15:10:49,,
78,"RT @xrubiocampillo: Do you want to pursue a PhD on #heritage, #archaeogaming, #game-based learning or #digitalhumanities? At @didpatri we a‚Ä¶",Rebecca O'S,816,218,,False,0,54,2020-10-07 15:10:32,,
79,"RT @xrubiocampillo: Do you want to pursue a PhD on #heritage, #archaeogaming, #game-based learning or #digitalhumanities? At @didpatri we a‚Ä¶",dr Iza Romanowska,6305,1871,,False,0,54,2020-10-07 15:08:20,,
80,"RT @xrubiocampillo: Do you want to pursue a PhD on #heritage, #archaeogaming, #game-based learning or #digitalhumanities? At @didpatri we a‚Ä¶",Linda Bjerketvedt,505,370,Scottish Borders,False,0,54,2020-10-07 15:08:01,55.583333,-2.833333
81,"RT @xrubiocampillo: Do you want to pursue a PhD on #heritage, #archaeogaming, #game-based learning or #digitalhumanities? At @didpatri we a‚Ä¶",Pol Junyent,4451,819,Igualada,False,0,54,2020-10-07 15:07:48,41.5790182,1.617346
82,"RT @xrubiocampillo: Do you want to pursue a PhD on #heritage, #archaeogaming, #game-based learning or #digitalhumanities? At @didpatri we a‚Ä¶",Maria Feliu-Torruella,1116,479,,False,0,54,2020-10-07 15:06:32,,
83,"RT @TAMU_CoDHR: If you missed @LauraK_Nelson guest lecture last Friday or you want to see it again, click the link below to watch the recor‚Ä¶","Katayoun Torabi, Ph.D.",60,58,"College Station, TX",False,0,2,2020-10-07 15:05:33,30.5955289,-96.3071042
84,"RT @xrubiocampillo: Do you want to pursue a PhD on #heritage, #archaeogaming, #game-based learning or #digitalhumanities? At @didpatri we a‚Ä¶",Maria Yubero,2327,416,Barcelona - Edinburgh,False,0,54,2020-10-07 15:05:00,,
85,"RT @xrubiocampillo: Do you want to pursue a PhD on #heritage, #archaeogaming, #game-based learning or #digitalhumanities? At @didpatri we a‚Ä¶",Natalia √âg√ºez,1742,1332,Tenerife / Barcelona,False,0,54,2020-10-07 15:04:47,41.4165104,2.1639268
86,"Do you want to pursue a PhD on #heritage, #archaeogaming, #game-based learning or #digitalhumanities? At @didpatri‚Ä¶ https://t.co/uwLG182MGd",Xavier Rubio-Campillo,3149,708,Barcelona,False,52,54,2020-10-07 15:02:24,41.3828939,2.1774322
87,RT @museweb: Don‚Äôt miss your chance to be published! The deadline to submit an #MW21 Conference proposal has been extended to October 9. Yo‚Ä¶,"Stephania Savva, PhD",27748,2388,"Limassol, Cyprus",False,0,4,2020-10-07 10:44:57,34.6852901,33.0332657
88,RT @museweb: Don‚Äôt miss your chance to be published! The deadline to submit an #MW21 Conference proposal has been extended to October 9. Yo‚Ä¶,K. White,30765,532,,False,0,4,2020-10-07 00:22:51,,
89,RT @museweb: Don‚Äôt miss your chance to be published! The deadline to submit an #MW21 Conference proposal has been extended to October 9. Yo‚Ä¶,Rob Lancefield,1703,1252,,False,0,4,2020-10-06 23:40:12,,
90,Don‚Äôt miss your chance to be published! The deadline to submit an #MW21 Conference proposal has been extended to Oc‚Ä¶ https://t.co/0kD0u7aN4o,museweb,19480,63505,"April 5-9, 2021",False,3,4,2020-10-06 23:30:05,-34.3610257,-54.0683009
91,RT @drjmil: Applications open for the Activist Studio West Summer 2021 #UC #HBCU undergraduate  #digitalhumanities program at UC Irvine.  #‚Ä¶,K. White,30765,532,,False,0,1,2020-10-06 18:22:51,,
92,Applications open for the Activist Studio West Summer 2021 #UC #HBCU undergraduate  #digitalhumanities program at U‚Ä¶ https://t.co/KA7zY8SnFW,Jessica MillwardPhD,2305,3048,"Los Angeles, CA.",False,0,1,2020-10-06 17:36:05,34.0536909,-118.2427666
93,"RT @TAMU_CoDHR: If you missed @LauraK_Nelson guest lecture last Friday or you want to see it again, click the link below to watch the recor‚Ä¶",K. White,30765,532,,False,0,2,2020-10-06 15:23:02,,
94,"If you missed @LauraK_Nelson guest lecture last Friday or you want to see it again, click the link below to watch t‚Ä¶ https://t.co/pmwJU2WXO0",TAMU_CoDHR,508,913,Texas A&M University,False,1,2,2020-10-06 14:52:56,30.610836499999998,-96.35212800264426
95,RT @CARomein: If there is anyone interested in working on Linked Legal Data (early modern ordinances) - drop me or @anwagnerdreas a line as‚Ä¶,Dr Coleman A Dennehy,16252,3255,"Dublin City, Ireland",False,0,6,2020-10-05 19:50:56,53.3497645,-6.2602732
96,RT @Pares_Nicolas: Are you a #DigitalHumanities #OpenData #Researchers or service provider? @RDAPassn Please complete this quick survey and‚Ä¶,K. White,30765,532,,False,0,2,2020-10-05 17:22:59,,
97,RT @Pares_Nicolas: Are you a #DigitalHumanities #OpenData #Researchers or service provider? @RDAPassn Please complete this quick survey and‚Ä¶,AIUCD,1711,1006,Italy,False,0,2,2020-10-05 16:53:39,42.6384261,12.674297
98,Are you a #DigitalHumanities #OpenData #Researchers or service provider? @RDAPassn Please complete this quick surve‚Ä¶ https://t.co/czvVhLRElD,Nicolas Par√©s,17,28,"Colorado, USA",False,1,2,2020-10-05 16:36:47,38.7251776,-105.6077167
99,RT @CARomein: If there is anyone interested in working on Linked Legal Data (early modern ordinances) - drop me or @anwagnerdreas a line as‚Ä¶,Jairo Melo,8361,909,M√©xico,False,0,6,2020-10-05 12:40:09,19.4326296,-99.1331785
