,text,user.name,user.statuses_count,user.screen_name,user.followers_count,user.location,user.verified,user.profile_image_url_https,favorite_count,retweet_count,created_at,hashtags,quoted_hashtags,user_lat,user_lng
0,RT @EmilyJLB: Folks who‚Äôve built digital editions in Wordpress: do you know of any plugins to enhance the search functionality? Or really j‚Ä¶,blueciren,230,kiun2020,1,,False,https://pbs.twimg.com/profile_images/1281551244796981248/M0durICt_normal.jpg,0,3,2020-12-13 11:42:48,[],[],,
1,RT @EmilyJLB: Folks who‚Äôve built digital editions in Wordpress: do you know of any plugins to enhance the search functionality? Or really j‚Ä¶,RedInt,6669,desemboltura,800,ÎåÄÌïúÎØºÍµ≠ ÏÑúÏö∏,False,https://pbs.twimg.com/profile_images/1092835469216276480/bCDlDVxQ_normal.jpg,0,3,2020-12-13 09:11:08,[],[],37.5666791,126.9782914
2,"RT @faberllull: #opencall 

Science, technology and humanities or science and #digitalhumanities?

We hope to debate on the multi-direction‚Ä¶",faberllull,2512,faberllull,2402,Olot & Andorra,False,https://pbs.twimg.com/profile_images/1277886432791728128/ql69JfW0_normal.jpg,0,7,2020-12-12 20:03:27,"['opencall', 'digitalhumanities']",[],,
3,"RT @faberllull: #opencall 

Science, technology and humanities or science and #digitalhumanities?

We hope to debate on the multi-direction‚Ä¶",Llull London,3701,IRLlull_London,1637,UK and Ireland,False,https://pbs.twimg.com/profile_images/1060867018587627520/7WdURwcM_normal.jpg,0,7,2020-12-12 20:02:21,"['opencall', 'digitalhumanities']",[],53.3989226,-2.3525569
4,RT @EEditiones: Have you been nice or naughty? We still have something to look forward to! Watch this space through December for our #OpenS‚Ä¶,Magdalena Turska,1144,magdaturska,351,Warsaw,False,https://pbs.twimg.com/profile_images/464165916637290496/ZtyYVOkK_normal.jpeg,0,12,2020-12-12 12:35:23,[],[],52.2319581,21.0067249
5,RT @EmilyJLB: Folks who‚Äôve built digital editions in Wordpress: do you know of any plugins to enhance the search functionality? Or really j‚Ä¶,K. White,33108,DigtalHumanatee,584,,False,https://pbs.twimg.com/profile_images/1316470327149506566/dHIMR7Qq_normal.jpg,0,3,2020-12-11 19:22:51,[],[],,
6,Folks who‚Äôve built digital editions in Wordpress: do you know of any plugins to enhance the search functionality? O‚Ä¶ https://t.co/xC4JLFwJiQ,Dr Emily Bell,12036,EmilyJLB,5170,University of Leeds,False,https://pbs.twimg.com/profile_images/1330557422721765377/Dp-W0Y8D_normal.jpg,3,3,2020-12-11 19:01:38,[],[],53.8066846,-1.5560378380435451
7,"The students made a Instagram exhibit and you can check it out here! 
https://t.co/eqUqfBoALy
Is it just me or do w‚Ä¶ https://t.co/y7xeuY6sFz",Georgetown University Department of English,1271,GU_ENGL,246,"Washington, DC",False,https://pbs.twimg.com/profile_images/1063152535614185474/oJLBRJy8_normal.jpg,1,0,2020-12-11 18:42:35,[],[],38.8949924,-77.0365581
8,RT @EEditiones: Have you been nice or naughty? We still have something to look forward to! Watch this space through December for our #OpenS‚Ä¶,Dennis Ried,395,riedde,105,"Waldsee, Deutschland",False,https://pbs.twimg.com/profile_images/901096321590976515/ynWOZfji_normal.jpg,0,12,2020-12-11 17:44:55,[],[],49.3953008,8.440276
9,"RT @YaleDHLab: We're thrilled to share a sneak peek of BlakeTint, a visualization tool for exploring William Blake's use of color. Users ca‚Ä¶",Typiespectre,1007,typiespectre,23,,False,https://pbs.twimg.com/profile_images/1288444479708336129/XWy-SS5L_normal.jpg,0,66,2020-12-11 16:25:38,[],[],,
10,RT @EEditiones: Have you been nice or naughty? We still have something to look forward to! Watch this space through December for our #OpenS‚Ä¶,Friprogramvarusyndikatet,374,fps_gbg,23,"Gothenburg, Sweden",False,https://pbs.twimg.com/profile_images/1101172627459244032/bWZoSnE1_normal.png,0,12,2020-12-11 16:06:09,[],[],57.7072326,11.9670171
11,RT @EEditiones: Have you been nice or naughty? We still have something to look forward to! Watch this space through December for our #OpenS‚Ä¶,Leif-J√∂ran Olsson,2419,ellefj,171,,False,https://pbs.twimg.com/profile_images/3228659596/b8bdc3bbf1c443d99b9a0d11b50ea2d4_normal.png,0,12,2020-12-11 16:02:44,[],[],,
12,RT @EEditiones: Have you been nice or naughty? We still have something to look forward to! Watch this space through December for our #OpenS‚Ä¶,Boris Leheƒçka,530,XmlTeiCz,52,Praha,False,https://pbs.twimg.com/profile_images/1226452918959771650/q_Qt-vuH_normal.jpg,0,12,2020-12-11 15:51:06,[],[],50.0874654,14.4212535
13,"RT @YaleDHLab: We're thrilled to share a sneak peek of BlakeTint, a visualization tool for exploring William Blake's use of color. Users ca‚Ä¶",RedInt,6669,desemboltura,800,ÎåÄÌïúÎØºÍµ≠ ÏÑúÏö∏,False,https://pbs.twimg.com/profile_images/1092835469216276480/bCDlDVxQ_normal.jpg,0,66,2020-12-11 15:36:20,[],[],37.5666791,126.9782914
14,RT @EEditiones: Have you been nice or naughty? We still have something to look forward to! Watch this space through December for our #OpenS‚Ä¶,eXist Solutions,204,existsolutions,275,Germany,False,https://pbs.twimg.com/profile_images/1257640997804261380/VfGBEjui_normal.png,0,12,2020-12-11 15:23:52,[],[],51.0834196,10.4234469
15,RT @EEditiones: Have you been nice or naughty? We still have something to look forward to! Watch this space through December for our #OpenS‚Ä¶,K. White,33108,DigtalHumanatee,584,,False,https://pbs.twimg.com/profile_images/1316470327149506566/dHIMR7Qq_normal.jpg,0,12,2020-12-11 14:22:57,[],[],,
16,RT @EEditiones: Have you been nice or naughty? We still have something to look forward to! Watch this space through December for our #OpenS‚Ä¶,Joe Wicentowski,4371,joewiz,868,"Washington, DC",False,https://pbs.twimg.com/profile_images/2666935066/78c0a677096a908d3574d51be4693bfd_normal.png,0,12,2020-12-11 14:22:24,[],[],38.8949924,-77.0365581
17,RT @EEditiones: Have you been nice or naughty? We still have something to look forward to! Watch this space through December for our #OpenS‚Ä¶,TEI Publisher,79,tei_publisher,141,internet,False,https://pbs.twimg.com/profile_images/1257678952551854080/LkRNJalX_normal.png,0,12,2020-12-11 14:21:11,[],[],19.37218875,-72.33465445105234
18,RT @EEditiones: Have you been nice or naughty? We still have something to look forward to! Watch this space through December for our #OpenS‚Ä¶,sciBot üíª,19733,sciBot6,214,,False,https://pbs.twimg.com/profile_images/1282174476596023298/ynNv3VqS_normal.jpg,0,12,2020-12-11 14:19:26,[],[],,
19,RT @EEditiones: Have you been nice or naughty? We still have something to look forward to! Watch this space through December for our #OpenS‚Ä¶,Andreas Kraenzle,74,AndreasKraenzle,72,Zurich,False,https://pbs.twimg.com/profile_images/1257349851181875201/N-ifYVgk_normal.jpg,0,12,2020-12-11 14:13:30,[],[],47.3744489,8.5410422
20,Have you been nice or naughty? We still have something to look forward to! Watch this space through December for ou‚Ä¶ https://t.co/6nnIOFNDJg,e-editiones.org,62,EEditiones,213,"St. Gallen, Switzerland",False,https://pbs.twimg.com/profile_images/1268132528717803521/fvqyjTOA_normal.jpg,10,12,2020-12-11 14:12:58,[],[],47.4250593,9.3765878
21,"This was our last #DHangout of term, but we hope to see you again in the new year!‚ú®
And if you missed today's‚Ä¶ https://t.co/BH3MwVUamB",Digital Humanities Hub | Lancaster University,1006,LancsDigHum,1203,United Kingdom,False,https://pbs.twimg.com/profile_images/1047099162372820997/bXVkjQX6_normal.jpg,3,0,2020-12-10 16:45:12,['DHangout'],[],54.7023545,-3.2765753
22,"RT @DiSC_uibk: If you are a researcher in the field(s) of #CulturalHeritage, #DigitalHumanities, #ComputerScience, and/or #DataScience and‚Ä¶",K. White,33108,DigtalHumanatee,584,,False,https://pbs.twimg.com/profile_images/1316470327149506566/dHIMR7Qq_normal.jpg,0,2,2020-12-10 13:22:51,"['CulturalHeritage', 'DigitalHumanities', 'ComputerScience', 'DataScience']",[],,
23,"If you are a researcher in the field(s) of #CulturalHeritage, #DigitalHumanities, #ComputerScience, and/or‚Ä¶ https://t.co/ybQYB3xpzX",Digital Science Center (DiSC),205,DiSC_uibk,224,"Innsbruck, Austria",False,https://pbs.twimg.com/profile_images/1202148687180435456/friQttRU_normal.jpg,3,2,2020-12-10 12:27:48,"['CulturalHeritage', 'DigitalHumanities', 'ComputerScience']",[],47.2654296,11.3927685
24,"RT @faberllull: #opencall 

Science, technology and humanities or science and #digitalhumanities?

We hope to debate on the multi-direction‚Ä¶",Neus Domenech Oller,741,neus_domenech,230,,False,https://pbs.twimg.com/profile_images/1237134484434227202/INp9vUwy_normal.jpg,0,7,2020-12-10 12:03:59,"['opencall', 'digitalhumanities']",[],,
25,"RT @faberllull: #opencall 

Science, technology and humanities or science and #digitalhumanities?

We hope to debate on the multi-direction‚Ä¶",joel piqu√©,3941,jpiqueb,212,,False,https://pbs.twimg.com/profile_images/779379040864075776/J5jeFhEI_normal.jpg,0,7,2020-12-10 06:38:27,"['opencall', 'digitalhumanities']",[],,
26,"RT @UNLGeography: üåüCOME STUDY WITH US!üåü

üëÄSearching for a great #MA or #PhD #geography program in üó∫Ô∏èüì±#GIScience #cartography #webGIS #digit‚Ä¶",K. White,33108,DigtalHumanatee,584,,False,https://pbs.twimg.com/profile_images/1316470327149506566/dHIMR7Qq_normal.jpg,0,1,2020-12-09 23:22:51,"['MA', 'PhD', 'geography', 'GIScience', 'cartography', 'webGIS']",[],,
27,"üåüCOME STUDY WITH US!üåü

üëÄSearching for a great #MA or #PhD #geography program in üó∫Ô∏èüì±#GIScience #cartography #webGIS‚Ä¶ https://t.co/hXDuRpLLhg",Nebraska Geography,2703,UNLGeography,811,"Lincoln, Nebraska",False,https://pbs.twimg.com/profile_images/865628678150963200/V7eKsnlg_normal.jpg,6,1,2020-12-09 22:25:56,"['MA', 'PhD', 'geography', 'GIScience', 'cartography', 'webGIS']",[],40.8088861,-96.7077751
28,"RT @faberllull: #opencall 

Science, technology and humanities or science and #digitalhumanities?

We hope to debate on the multi-direction‚Ä¶",Llull New York,4144,IRLlull_NewYork,1493,New York,False,https://pbs.twimg.com/profile_images/1061952869044289538/b6MDTGml_normal.jpg,0,7,2020-12-09 14:15:52,"['opencall', 'digitalhumanities']",[],40.7127281,-74.0060152
29,"RT @faberllull: #opencall 

Science, technology and humanities or science and #digitalhumanities?

We hope to debate on the multi-direction‚Ä¶",Totally Real DH Person,45287,Real_Person_DH,876,Earth,False,https://pbs.twimg.com/profile_images/967506429027418114/cIlK0Mf0_normal.jpg,0,7,2020-12-09 11:16:22,"['opencall', 'digitalhumanities']",[],34.2331373,-102.4107493
30,"RT @faberllull: #opencall 

Science, technology and humanities or science and #digitalhumanities?

We hope to debate on the multi-direction‚Ä¶",K. White,33108,DigtalHumanatee,584,,False,https://pbs.twimg.com/profile_images/1316470327149506566/dHIMR7Qq_normal.jpg,0,7,2020-12-09 10:23:13,"['opencall', 'digitalhumanities']",[],,
31,"#opencall 

Science, technology and humanities or science and #digitalhumanities?

We hope to debate on the multi-d‚Ä¶ https://t.co/8ZaFtdbQsS",faberllull,2512,faberllull,2402,Olot & Andorra,False,https://pbs.twimg.com/profile_images/1277886432791728128/ql69JfW0_normal.jpg,6,7,2020-12-09 10:21:44,"['opencall', 'digitalhumanities']",[],,
32,"RT @lexistindall: Investment in Australian digital research infrastructure for humanities, arts &amp; social sciences! Learn more &amp; take note o‚Ä¶",Suzana Sukovic,11738,suzanasukovic,1277,Sydney,False,https://pbs.twimg.com/profile_images/1000869664291880960/ZTZJUlq7_normal.jpg,0,9,2020-12-09 06:49:17,[],[],-33.8548157,151.2164539
33,"RT @lexistindall: Investment in Australian digital research infrastructure for humanities, arts &amp; social sciences! Learn more &amp; take note o‚Ä¶",margy maclibrary,151375,margymaclibrary,4253,YYJ,False,https://pbs.twimg.com/profile_images/1564365669/margyphoto_normal.JPG,0,9,2020-12-09 05:19:40,[],[],48.6463019,-123.4217089740095
34,"RT @lexistindall: Investment in Australian digital research infrastructure for humanities, arts &amp; social sciences! Learn more &amp; take note o‚Ä¶",Sara King,2521,sarasrking,698,Australia,False,https://pbs.twimg.com/profile_images/712164926073262080/VLZlvi-M_normal.jpg,0,9,2020-12-09 03:17:30,[],[],-24.7761086,134.755
35,"Did Google Books change the layout of their pages or is it just this one book? 
https://t.co/mFRCQSziPM

Looks much‚Ä¶ https://t.co/EMlrjG0MAX",Valeria Federici,3564,a_ri_vale,456,"Washington, D.C.",False,https://pbs.twimg.com/profile_images/1002104390604525568/WRtYEEZH_normal.jpg,0,0,2020-12-08 14:32:53,[],[],36.29885175,-82.35919331410948
36,"RT @lexistindall: Investment in Australian digital research infrastructure for humanities, arts &amp; social sciences! Learn more &amp; take note o‚Ä¶",Liz Stokes,5793,ragamouf,1008,Sydney,False,https://pbs.twimg.com/profile_images/1115770024742903808/T5EGn_B1_normal.png,0,9,2020-12-08 04:47:53,[],[],-33.8548157,151.2164539
37,"RT @lexistindall: Investment in Australian digital research infrastructure for humanities, arts &amp; social sciences! Learn more &amp; take note o‚Ä¶",Ingrid Mason,23926,1n9r1d,3380,"Canberra, Australia",False,https://pbs.twimg.com/profile_images/1273083458982535170/uJrSvTSd_normal.jpg,0,9,2020-12-08 03:40:09,[],[],-35.2975906,149.1012676
38,"RT @lexistindall: Investment in Australian digital research infrastructure for humanities, arts &amp; social sciences! Learn more &amp; take note o‚Ä¶",Totally Real DH Person,45287,Real_Person_DH,876,Earth,False,https://pbs.twimg.com/profile_images/967506429027418114/cIlK0Mf0_normal.jpg,0,9,2020-12-08 03:16:22,[],[],34.2331373,-102.4107493
39,"RT @lexistindall: Investment in Australian digital research infrastructure for humanities, arts &amp; social sciences! Learn more &amp; take note o‚Ä¶",Katrina Grant,32296,orientalhotel,1472,Arcadia ,False,https://pbs.twimg.com/profile_images/966199604890013698/fzW0h5tT_normal.jpg,0,9,2020-12-08 03:08:07,[],[],42.0872073,-95.0461023
40,"RT @lexistindall: Investment in Australian digital research infrastructure for humanities, arts &amp; social sciences! Learn more &amp; take note o‚Ä¶",K. White,33108,DigtalHumanatee,584,,False,https://pbs.twimg.com/profile_images/1316470327149506566/dHIMR7Qq_normal.jpg,0,9,2020-12-08 02:22:51,[],[],,
41,"Investment in Australian digital research infrastructure for humanities, arts &amp; social sciences! Learn more &amp; take‚Ä¶ https://t.co/EvsnlpyXVr",Alexis Tindall,887,lexistindall,436,"Adelaide, South Australia",False,https://pbs.twimg.com/profile_images/1294055625823883264/7fGDAx-t_normal.jpg,11,9,2020-12-08 02:18:59,[],[],-34.9281805,138.5999312
42,RT @indieflock: I want to pull all video titles (no videos or images) from specific search terms on tube video sites for a linguistic corpu‚Ä¶,Aluminium-Lanthan-Uran-Ruthenium-Sulfid,17137,Lord_Allaurus,95,,False,https://pbs.twimg.com/profile_images/951070370806804480/f-papzQS_normal.jpg,0,4,2020-12-07 11:58:50,[],[],,
43,RT @indieflock: I want to pull all video titles (no videos or images) from specific search terms on tube video sites for a linguistic corpu‚Ä¶,Aurelia Brandenburg,30975,hekabeohnename,2319,,False,https://pbs.twimg.com/profile_images/1043849968061239296/l4ukk238_normal.jpg,0,4,2020-12-07 11:57:17,[],[],,
44,RT @indieflock: I want to pull all video titles (no videos or images) from specific search terms on tube video sites for a linguistic corpu‚Ä¶,Urs ‚ò≠,73646,muskeljesus,625,M√ºnchen,False,https://pbs.twimg.com/profile_images/1336926281473142785/hj0NTTR5_normal.jpg,0,4,2020-12-07 10:53:26,[],[],48.1371079,11.5753822
45,RT @indieflock: I want to pull all video titles (no videos or images) from specific search terms on tube video sites for a linguistic corpu‚Ä¶,K. White,33108,DigtalHumanatee,584,,False,https://pbs.twimg.com/profile_images/1316470327149506566/dHIMR7Qq_normal.jpg,0,4,2020-12-07 10:23:06,[],[],,
46,I want to pull all video titles (no videos or images) from specific search terms on tube video sites for a linguist‚Ä¶ https://t.co/7vuTIGQnQX,Pascal Wagner,16636,indieflock,1159,M√ºnchen,False,https://pbs.twimg.com/profile_images/1185931878248996864/vZ_0qxmj_normal.jpg,3,4,2020-12-07 10:21:16,[],[],48.1371079,11.5753822
47,"RT @DSSatPitt: Or, you know, if you're just a nerd who likes to look at #VR images of bones. 
#digitalhumanities #digitalscholarship https:‚Ä¶",K. White,33108,DigtalHumanatee,584,,False,https://pbs.twimg.com/profile_images/1316470327149506566/dHIMR7Qq_normal.jpg,0,2,2020-12-06 17:22:51,"['VR', 'digitalhumanities', 'digitalscholarship']",[],,
48,"RT @DSSatPitt: Or, you know, if you're just a nerd who likes to look at #VR images of bones. 
#digitalhumanities #digitalscholarship https:‚Ä¶",VR Retweeter,18996,VrRetweeter,281,Metaverse,False,https://pbs.twimg.com/profile_images/1331039034521645057/7NqMMNDY_normal.jpg,0,2,2020-12-06 16:51:26,"['VR', 'digitalhumanities', 'digitalscholarship']",[],,
49,"Or, you know, if you're just a nerd who likes to look at #VR images of bones. 
#digitalhumanities‚Ä¶ https://t.co/kIXR8qOwRG",DSS at Pitt,1052,DSSatPitt,510,Pittsburgh,False,https://pbs.twimg.com/profile_images/1190290235965530117/r6sbgyrc_normal.jpg,3,2,2020-12-06 16:49:00,"['VR', 'digitalhumanities']",[],40.4416941,-79.9900861
50,@RojasCastroA how about this version? I send you a dm for an open google present to work with or download from. Sam‚Ä¶ https://t.co/oIqo5Iiym4,Patrick Sahle,1794,patrick_sahle,1795,,False,https://pbs.twimg.com/profile_images/1175023547460259840/akU8aUmc_normal.jpg,0,0,2020-12-06 11:16:18,[],[],,
